IF EXISTS(SELECT * FROM sys.databases WHERE name = 'api_dotnet')
  BEGIN
    DROP DATABASE [api_dotnet];
  END
  GO
  CREATE DATABASE [api_dotnet];
  GO
  USE [api_dotnet];
  GO
/****** Object:  Table [dbo].[Bill]    Script Date: 3/6/2022 12:11:09 ******/
SET ANSI_NULLS ON
GO
SET QUOTED_IDENTIFIER ON
GO
CREATE TABLE [dbo].[Bill](
	[SupportCost] [decimal](12, 2) NOT NULL,
	[EmployeeId] [int] NULL,
	[ClaimId] [int] NOT NULL,
	[PolicyId] [int] NULL,
	[CreatedAt] [datetime] NULL,
	[UpdatedAt] [datetime] NULL,
	[IsDeleted] [int] NULL,
PRIMARY KEY CLUSTERED 
(
	[ClaimId] ASC
)WITH (PAD_INDEX = OFF, STATISTICS_NORECOMPUTE = OFF, IGNORE_DUP_KEY = OFF, ALLOW_ROW_LOCKS = ON, ALLOW_PAGE_LOCKS = ON) ON [PRIMARY]
) ON [PRIMARY]
GO
/****** Object:  Table [dbo].[ClaimAction]    Script Date: 3/6/2022 12:11:09 ******/
SET ANSI_NULLS ON
GO
SET QUOTED_IDENTIFIER ON
GO
CREATE TABLE [dbo].[ClaimAction](
	[Id] [int] IDENTITY(1,1) NOT NULL,
	[ActionType] [int] NOT NULL,
	[Reason] [varchar](500) NULL,
	[CreatebyEmployeeId] [int] NULL,
	[CreatebyInsuranceAdminId] [int] NULL,
	[ClaimId] [int] NULL,
	[CreatedAt] [datetime] NULL,
	[UpdatedAt] [datetime] NULL,
	[IsDeleted] [int] NULL,
PRIMARY KEY CLUSTERED 
(
	[Id] ASC
)WITH (PAD_INDEX = OFF, STATISTICS_NORECOMPUTE = OFF, IGNORE_DUP_KEY = OFF, ALLOW_ROW_LOCKS = ON, ALLOW_PAGE_LOCKS = ON) ON [PRIMARY]
) ON [PRIMARY]
GO
/****** Object:  Table [dbo].[ClaimEmployee]    Script Date: 3/6/2022 12:11:09 ******/
SET ANSI_NULLS ON
GO
SET QUOTED_IDENTIFIER ON
GO
CREATE TABLE [dbo].[ClaimEmployee](
	[Id] [int] IDENTITY(1,1) NOT NULL,
	[Status] [int] NULL,
	[Reason] [varchar](1000) NOT NULL,
	[TotalCost] [decimal](12, 2) NOT NULL,
	[EmployeeId] [int] NULL,
	[PolicyId] [int] NULL,
	[CreatedAt] [datetime] NULL,
	[UpdatedAt] [datetime] NULL,
	[IsDeleted] [int] NULL,
PRIMARY KEY CLUSTERED 
(
	[Id] ASC
)WITH (PAD_INDEX = OFF, STATISTICS_NORECOMPUTE = OFF, IGNORE_DUP_KEY = OFF, ALLOW_ROW_LOCKS = ON, ALLOW_PAGE_LOCKS = ON) ON [PRIMARY]
) ON [PRIMARY]
GO
/****** Object:  Table [dbo].[Contract]    Script Date: 3/6/2022 12:11:09 ******/
SET ANSI_NULLS ON
GO
SET QUOTED_IDENTIFIER ON
GO
CREATE TABLE [dbo].[Contract](
	[EmployeeId] [int] NOT NULL,
	[Name] [varchar](200) NOT NULL,
	[Description] [varchar](1000) NULL,
	[TotalAmount] [decimal](12, 2) NULL,
	[CreatedAt] [datetime] NULL,
	[UpdatedAt] [datetime] NULL,
	[IsDeleted] [int] NULL,
PRIMARY KEY CLUSTERED 
(
	[EmployeeId] ASC
)WITH (PAD_INDEX = OFF, STATISTICS_NORECOMPUTE = OFF, IGNORE_DUP_KEY = OFF, ALLOW_ROW_LOCKS = ON, ALLOW_PAGE_LOCKS = ON) ON [PRIMARY]
) ON [PRIMARY]
GO
/****** Object:  Table [dbo].[ContractPolicy]    Script Date: 3/6/2022 12:11:09 ******/
SET ANSI_NULLS ON
GO
SET QUOTED_IDENTIFIER ON
GO
CREATE TABLE [dbo].[ContractPolicy](
	[Id] [int] IDENTITY(1,1) NOT NULL,
	[ContractId] [int] NULL,
	[PolicyId] [int] NULL,
	[Description] [varchar](255) NULL,
	[StartDate] [datetime] NOT NULL,
	[EndDate] [datetime] NOT NULL,
	[PaymentStatus] [int] NOT NULL,
	[CreatedAt] [datetime] NULL,
	[UpdatedAt] [datetime] NULL,
	[IsDeleted] [int] NULL,
PRIMARY KEY CLUSTERED 
(
	[Id] ASC
)WITH (PAD_INDEX = OFF, STATISTICS_NORECOMPUTE = OFF, IGNORE_DUP_KEY = OFF, ALLOW_ROW_LOCKS = ON, ALLOW_PAGE_LOCKS = ON) ON [PRIMARY]
) ON [PRIMARY]
GO
/****** Object:  Table [dbo].[Employees]    Script Date: 3/6/2022 12:11:09 ******/
SET ANSI_NULLS ON
GO
SET QUOTED_IDENTIFIER ON
GO
CREATE TABLE [dbo].[Employees](
	[Id] [int] IDENTITY(1,1) NOT NULL,
	[Username] [varchar](50) NOT NULL,
	[Password] [varchar](50) NOT NULL,
	[Salary] [decimal](12, 2) NULL,
	[Firstname] [varchar](50) NULL,
	[Lastname] [varchar](50) NULL,
	[Joindate] [datetime] NULL,
	[Designation] [varchar](200) NULL,
	[Address] [varchar](200) NULL,
	[Phone] [varchar](12) NULL,
	[Country] [varchar](200) NULL,
	[City] [varchar](200) NULL,
	[CreatedAt] [datetime] NULL,
	[UpdatedAt] [datetime] NULL,
	[IsDeleted] [int] NULL,
PRIMARY KEY CLUSTERED 
(
	[Id] ASC
)WITH (PAD_INDEX = OFF, STATISTICS_NORECOMPUTE = OFF, IGNORE_DUP_KEY = OFF, ALLOW_ROW_LOCKS = ON, ALLOW_PAGE_LOCKS = ON) ON [PRIMARY]
) ON [PRIMARY]
GO
/****** Object:  Table [dbo].[InsuranceAdmin]    Script Date: 3/6/2022 12:11:09 ******/
SET ANSI_NULLS ON
GO
SET QUOTED_IDENTIFIER ON
GO
CREATE TABLE [dbo].[InsuranceAdmin](
	[Id] [int] IDENTITY(1,1) NOT NULL,
	[Username] [varchar](200) NOT NULL,
	[Password] [varchar](200) NOT NULL,
	[Role] [varchar](200) NOT NULL,
	[CompanyId] [int] NULL,
	[CreatedAt] [datetime] NULL,
	[UpdatedAt] [datetime] NULL,
	[IsDeleted] [int] NULL,
PRIMARY KEY CLUSTERED 
(
	[Id] ASC
)WITH (PAD_INDEX = OFF, STATISTICS_NORECOMPUTE = OFF, IGNORE_DUP_KEY = OFF, ALLOW_ROW_LOCKS = ON, ALLOW_PAGE_LOCKS = ON) ON [PRIMARY]
) ON [PRIMARY]
GO
/****** Object:  Table [dbo].[InsuranceCompany]    Script Date: 3/6/2022 12:11:09 ******/
SET ANSI_NULLS ON
GO
SET QUOTED_IDENTIFIER ON
GO
CREATE TABLE [dbo].[InsuranceCompany](
	[Id] [int] IDENTITY(1,1) NOT NULL,
	[Name] [varchar](200) NOT NULL,
	[Address] [varchar](200) NULL,
	[Phone] [varchar](20) NULL,
	[Url] [varchar](200) NULL,
	[CreatedAt] [datetime] NULL,
	[UpdatedAt] [datetime] NULL,
	[IsDeleted] [int] NULL,
PRIMARY KEY CLUSTERED 
(
	[Id] ASC
)WITH (PAD_INDEX = OFF, STATISTICS_NORECOMPUTE = OFF, IGNORE_DUP_KEY = OFF, ALLOW_ROW_LOCKS = ON, ALLOW_PAGE_LOCKS = ON) ON [PRIMARY]
) ON [PRIMARY]
GO
/****** Object:  Table [dbo].[Policy]    Script Date: 3/6/2022 12:11:09 ******/
SET ANSI_NULLS ON
GO
SET QUOTED_IDENTIFIER ON
GO
CREATE TABLE [dbo].[Policy](
	[Id] [int] IDENTITY(1,1) NOT NULL,
	[Name] [varchar](200) NOT NULL,
	[Description] [varchar](1000) NULL,
	[SupportPercent] [int] NOT NULL,
	[DurationInDays] [int] NOT NULL,
	[Price] [decimal](12, 2) NOT NULL,
	[Status] [int] NULL,
	[TypeId] [int] NULL,
	[CompanyId] [int] NULL,
	[CreatedAt] [datetime] NULL,
	[UpdatedAt] [datetime] NULL,
	[IsDeleted] [int] NULL,
PRIMARY KEY CLUSTERED 
(
	[Id] ASC
)WITH (PAD_INDEX = OFF, STATISTICS_NORECOMPUTE = OFF, IGNORE_DUP_KEY = OFF, ALLOW_ROW_LOCKS = ON, ALLOW_PAGE_LOCKS = ON) ON [PRIMARY]
) ON [PRIMARY]
GO
/****** Object:  Table [dbo].[PolicyOrder]    Script Date: 3/6/2022 12:11:09 ******/
SET ANSI_NULLS ON
GO
SET QUOTED_IDENTIFIER ON
GO
CREATE TABLE [dbo].[PolicyOrder](
	[Id] [int] IDENTITY(1,1) NOT NULL,
	[StartDate] [datetime] NOT NULL,
	[Status] [int] NULL,
	[EmployeeId] [int] NULL,
	[PolicyId] [int] NULL,
	[CreatedAt] [datetime] NULL,
	[UpdatedAt] [datetime] NULL,
	[IsDeleted] [int] NULL,
PRIMARY KEY CLUSTERED 
(
	[Id] ASC
)WITH (PAD_INDEX = OFF, STATISTICS_NORECOMPUTE = OFF, IGNORE_DUP_KEY = OFF, ALLOW_ROW_LOCKS = ON, ALLOW_PAGE_LOCKS = ON) ON [PRIMARY]
) ON [PRIMARY]
GO
/****** Object:  Table [dbo].[TypePolicy]    Script Date: 3/6/2022 12:11:09 ******/
SET ANSI_NULLS ON
GO
SET QUOTED_IDENTIFIER ON
GO
CREATE TABLE [dbo].[TypePolicy](
	[Id] [int] IDENTITY(1,1) NOT NULL,
	[Name] [varchar](255) NOT NULL,
	[Description] [varchar](255) NULL,
	[CreatedAt] [datetime] NULL,
	[UpdatedAt] [datetime] NULL,
	[IsDeleted] [int] NULL,
PRIMARY KEY CLUSTERED 
(
	[Id] ASC
)WITH (PAD_INDEX = OFF, STATISTICS_NORECOMPUTE = OFF, IGNORE_DUP_KEY = OFF, ALLOW_ROW_LOCKS = ON, ALLOW_PAGE_LOCKS = ON) ON [PRIMARY]
) ON [PRIMARY]
GO
/****** Object:  Table [dbo].[UserAdmin]    Script Date: 3/6/2022 12:11:09 ******/
SET ANSI_NULLS ON
GO
SET QUOTED_IDENTIFIER ON
GO
CREATE TABLE [dbo].[UserAdmin](
	[Id] [int] IDENTITY(1,1) NOT NULL,
	[Username] [varchar](50) NOT NULL,
	[Password] [varchar](255) NOT NULL,
PRIMARY KEY CLUSTERED 
(
	[Id] ASC
)WITH (PAD_INDEX = OFF, STATISTICS_NORECOMPUTE = OFF, IGNORE_DUP_KEY = OFF, ALLOW_ROW_LOCKS = ON, ALLOW_PAGE_LOCKS = ON) ON [PRIMARY]
) ON [PRIMARY]
GO
INSERT [dbo].[Bill] ([SupportCost], [EmployeeId], [ClaimId], [PolicyId], [CreatedAt], [UpdatedAt], [IsDeleted]) VALUES (CAST(1638.00 AS Decimal(12, 2)), 19, 15, 13, CAST(N'2022-01-22T00:00:00.000' AS DateTime), CAST(N'2022-01-22T00:00:00.000' AS DateTime), 0)
INSERT [dbo].[Bill] ([SupportCost], [EmployeeId], [ClaimId], [PolicyId], [CreatedAt], [UpdatedAt], [IsDeleted]) VALUES (CAST(181.00 AS Decimal(12, 2)), 1, 16, 15, CAST(N'2021-12-22T00:00:00.000' AS DateTime), CAST(N'2021-12-22T00:00:00.000' AS DateTime), 0)
INSERT [dbo].[Bill] ([SupportCost], [EmployeeId], [ClaimId], [PolicyId], [CreatedAt], [UpdatedAt], [IsDeleted]) VALUES (CAST(789.00 AS Decimal(12, 2)), 3, 17, 25, CAST(N'2022-01-21T00:00:00.000' AS DateTime), CAST(N'2022-01-21T00:00:00.000' AS DateTime), 0)
INSERT [dbo].[Bill] ([SupportCost], [EmployeeId], [ClaimId], [PolicyId], [CreatedAt], [UpdatedAt], [IsDeleted]) VALUES (CAST(144.00 AS Decimal(12, 2)), 13, 18, 15, CAST(N'2022-02-22T00:00:00.000' AS DateTime), CAST(N'2022-02-22T00:00:00.000' AS DateTime), 0)
INSERT [dbo].[Bill] ([SupportCost], [EmployeeId], [ClaimId], [PolicyId], [CreatedAt], [UpdatedAt], [IsDeleted]) VALUES (CAST(1135.00 AS Decimal(12, 2)), 10, 20, 11, CAST(N'2022-03-05T00:00:00.000' AS DateTime), CAST(N'2022-03-05T00:00:00.000' AS DateTime), 0)
INSERT [dbo].[Bill] ([SupportCost], [EmployeeId], [ClaimId], [PolicyId], [CreatedAt], [UpdatedAt], [IsDeleted]) VALUES (CAST(135.00 AS Decimal(12, 2)), 18, 21, 15, CAST(N'2022-02-18T00:00:00.000' AS DateTime), CAST(N'2022-02-18T00:00:00.000' AS DateTime), 0)
INSERT [dbo].[Bill] ([SupportCost], [EmployeeId], [ClaimId], [PolicyId], [CreatedAt], [UpdatedAt], [IsDeleted]) VALUES (CAST(1968.00 AS Decimal(12, 2)), 7, 22, 33, CAST(N'2022-01-23T00:00:00.000' AS DateTime), CAST(N'2022-01-23T00:00:00.000' AS DateTime), 0)
INSERT [dbo].[Bill] ([SupportCost], [EmployeeId], [ClaimId], [PolicyId], [CreatedAt], [UpdatedAt], [IsDeleted]) VALUES (CAST(933.00 AS Decimal(12, 2)), 11, 23, 34, CAST(N'2022-02-24T00:00:00.000' AS DateTime), CAST(N'2022-02-24T00:00:00.000' AS DateTime), 0)
INSERT [dbo].[Bill] ([SupportCost], [EmployeeId], [ClaimId], [PolicyId], [CreatedAt], [UpdatedAt], [IsDeleted]) VALUES (CAST(4072.00 AS Decimal(12, 2)), 9, 24, 7, CAST(N'2022-01-23T00:00:00.000' AS DateTime), CAST(N'2022-01-23T00:00:00.000' AS DateTime), 0)
INSERT [dbo].[Bill] ([SupportCost], [EmployeeId], [ClaimId], [PolicyId], [CreatedAt], [UpdatedAt], [IsDeleted]) VALUES (CAST(3832.00 AS Decimal(12, 2)), 9, 25, 7, CAST(N'2022-02-02T00:00:00.000' AS DateTime), CAST(N'2022-02-02T00:00:00.000' AS DateTime), 0)
INSERT [dbo].[Bill] ([SupportCost], [EmployeeId], [ClaimId], [PolicyId], [CreatedAt], [UpdatedAt], [IsDeleted]) VALUES (CAST(2511.00 AS Decimal(12, 2)), 7, 26, 23, CAST(N'2021-11-30T00:00:00.000' AS DateTime), CAST(N'2021-11-30T00:00:00.000' AS DateTime), 0)
INSERT [dbo].[Bill] ([SupportCost], [EmployeeId], [ClaimId], [PolicyId], [CreatedAt], [UpdatedAt], [IsDeleted]) VALUES (CAST(1414.00 AS Decimal(12, 2)), 5, 27, 23, CAST(N'2022-03-01T00:00:00.000' AS DateTime), CAST(N'2022-03-01T00:00:00.000' AS DateTime), 0)
INSERT [dbo].[Bill] ([SupportCost], [EmployeeId], [ClaimId], [PolicyId], [CreatedAt], [UpdatedAt], [IsDeleted]) VALUES (CAST(1694.00 AS Decimal(12, 2)), 3, 28, 33, CAST(N'2022-01-17T00:00:00.000' AS DateTime), CAST(N'2022-01-17T00:00:00.000' AS DateTime), 0)
INSERT [dbo].[Bill] ([SupportCost], [EmployeeId], [ClaimId], [PolicyId], [CreatedAt], [UpdatedAt], [IsDeleted]) VALUES (CAST(2080.00 AS Decimal(12, 2)), 5, 29, 23, CAST(N'2022-02-20T00:00:00.000' AS DateTime), CAST(N'2022-02-20T00:00:00.000' AS DateTime), 0)
INSERT [dbo].[Bill] ([SupportCost], [EmployeeId], [ClaimId], [PolicyId], [CreatedAt], [UpdatedAt], [IsDeleted]) VALUES (CAST(1472.00 AS Decimal(12, 2)), 13, 30, 27, CAST(N'2022-03-03T00:00:00.000' AS DateTime), CAST(N'2022-03-03T00:00:00.000' AS DateTime), 0)
INSERT [dbo].[Bill] ([SupportCost], [EmployeeId], [ClaimId], [PolicyId], [CreatedAt], [UpdatedAt], [IsDeleted]) VALUES (CAST(1771.00 AS Decimal(12, 2)), 7, 31, 23, CAST(N'2021-12-01T00:00:00.000' AS DateTime), CAST(N'2021-12-01T00:00:00.000' AS DateTime), 0)
INSERT [dbo].[Bill] ([SupportCost], [EmployeeId], [ClaimId], [PolicyId], [CreatedAt], [UpdatedAt], [IsDeleted]) VALUES (CAST(1827.00 AS Decimal(12, 2)), 19, 32, 33, CAST(N'2022-02-11T00:00:00.000' AS DateTime), CAST(N'2022-02-11T00:00:00.000' AS DateTime), 0)
INSERT [dbo].[Bill] ([SupportCost], [EmployeeId], [ClaimId], [PolicyId], [CreatedAt], [UpdatedAt], [IsDeleted]) VALUES (CAST(4058.00 AS Decimal(12, 2)), 9, 33, 7, CAST(N'2022-01-14T00:00:00.000' AS DateTime), CAST(N'2022-01-14T00:00:00.000' AS DateTime), 0)
INSERT [dbo].[Bill] ([SupportCost], [EmployeeId], [ClaimId], [PolicyId], [CreatedAt], [UpdatedAt], [IsDeleted]) VALUES (CAST(873.00 AS Decimal(12, 2)), 17, 34, 8, CAST(N'2022-03-02T00:00:00.000' AS DateTime), CAST(N'2022-03-02T00:00:00.000' AS DateTime), 0)
INSERT [dbo].[Bill] ([SupportCost], [EmployeeId], [ClaimId], [PolicyId], [CreatedAt], [UpdatedAt], [IsDeleted]) VALUES (CAST(2295.00 AS Decimal(12, 2)), 3, 35, 13, CAST(N'2022-01-22T00:00:00.000' AS DateTime), CAST(N'2022-01-22T00:00:00.000' AS DateTime), 0)
INSERT [dbo].[Bill] ([SupportCost], [EmployeeId], [ClaimId], [PolicyId], [CreatedAt], [UpdatedAt], [IsDeleted]) VALUES (CAST(1028.00 AS Decimal(12, 2)), 15, 36, 34, CAST(N'2022-01-13T00:00:00.000' AS DateTime), CAST(N'2022-01-13T00:00:00.000' AS DateTime), 0)
INSERT [dbo].[Bill] ([SupportCost], [EmployeeId], [ClaimId], [PolicyId], [CreatedAt], [UpdatedAt], [IsDeleted]) VALUES (CAST(2506.00 AS Decimal(12, 2)), 2, 37, 16, CAST(N'2022-01-02T00:00:00.000' AS DateTime), CAST(N'2022-01-02T00:00:00.000' AS DateTime), 0)
INSERT [dbo].[Bill] ([SupportCost], [EmployeeId], [ClaimId], [PolicyId], [CreatedAt], [UpdatedAt], [IsDeleted]) VALUES (CAST(2540.00 AS Decimal(12, 2)), 19, 38, 13, CAST(N'2022-03-03T00:00:00.000' AS DateTime), CAST(N'2022-03-03T00:00:00.000' AS DateTime), 0)
INSERT [dbo].[Bill] ([SupportCost], [EmployeeId], [ClaimId], [PolicyId], [CreatedAt], [UpdatedAt], [IsDeleted]) VALUES (CAST(2956.00 AS Decimal(12, 2)), 18, 39, 7, CAST(N'2021-12-07T00:00:00.000' AS DateTime), CAST(N'2021-12-07T00:00:00.000' AS DateTime), 0)
INSERT [dbo].[Bill] ([SupportCost], [EmployeeId], [ClaimId], [PolicyId], [CreatedAt], [UpdatedAt], [IsDeleted]) VALUES (CAST(748.00 AS Decimal(12, 2)), 1, 40, 31, CAST(N'2022-02-07T00:00:00.000' AS DateTime), CAST(N'2022-02-07T00:00:00.000' AS DateTime), 0)
INSERT [dbo].[Bill] ([SupportCost], [EmployeeId], [ClaimId], [PolicyId], [CreatedAt], [UpdatedAt], [IsDeleted]) VALUES (CAST(845.00 AS Decimal(12, 2)), 3, 41, 8, CAST(N'2022-02-21T00:00:00.000' AS DateTime), CAST(N'2022-02-21T00:00:00.000' AS DateTime), 0)
INSERT [dbo].[Bill] ([SupportCost], [EmployeeId], [ClaimId], [PolicyId], [CreatedAt], [UpdatedAt], [IsDeleted]) VALUES (CAST(130.00 AS Decimal(12, 2)), 8, 42, 15, CAST(N'2022-01-13T00:00:00.000' AS DateTime), CAST(N'2022-01-13T00:00:00.000' AS DateTime), 0)
INSERT [dbo].[Bill] ([SupportCost], [EmployeeId], [ClaimId], [PolicyId], [CreatedAt], [UpdatedAt], [IsDeleted]) VALUES (CAST(840.00 AS Decimal(12, 2)), 14, 43, 2, CAST(N'2022-02-22T00:00:00.000' AS DateTime), CAST(N'2022-02-22T00:00:00.000' AS DateTime), 0)
INSERT [dbo].[Bill] ([SupportCost], [EmployeeId], [ClaimId], [PolicyId], [CreatedAt], [UpdatedAt], [IsDeleted]) VALUES (CAST(1617.00 AS Decimal(12, 2)), 7, 44, 23, CAST(N'2022-02-21T00:00:00.000' AS DateTime), CAST(N'2022-02-21T00:00:00.000' AS DateTime), 0)
INSERT [dbo].[Bill] ([SupportCost], [EmployeeId], [ClaimId], [PolicyId], [CreatedAt], [UpdatedAt], [IsDeleted]) VALUES (CAST(2170.00 AS Decimal(12, 2)), 2, 45, 3, CAST(N'2021-11-08T00:00:00.000' AS DateTime), CAST(N'2021-11-08T00:00:00.000' AS DateTime), 0)
INSERT [dbo].[Bill] ([SupportCost], [EmployeeId], [ClaimId], [PolicyId], [CreatedAt], [UpdatedAt], [IsDeleted]) VALUES (CAST(629.00 AS Decimal(12, 2)), 9, 46, 34, CAST(N'2022-02-01T00:00:00.000' AS DateTime), CAST(N'2022-02-01T00:00:00.000' AS DateTime), 0)
INSERT [dbo].[Bill] ([SupportCost], [EmployeeId], [ClaimId], [PolicyId], [CreatedAt], [UpdatedAt], [IsDeleted]) VALUES (CAST(643.00 AS Decimal(12, 2)), 1, 47, 25, CAST(N'2022-01-24T00:00:00.000' AS DateTime), CAST(N'2022-01-24T00:00:00.000' AS DateTime), 0)
INSERT [dbo].[Bill] ([SupportCost], [EmployeeId], [ClaimId], [PolicyId], [CreatedAt], [UpdatedAt], [IsDeleted]) VALUES (CAST(1112.00 AS Decimal(12, 2)), 10, 48, 34, CAST(N'2022-02-04T00:00:00.000' AS DateTime), CAST(N'2022-02-04T00:00:00.000' AS DateTime), 0)
INSERT [dbo].[Bill] ([SupportCost], [EmployeeId], [ClaimId], [PolicyId], [CreatedAt], [UpdatedAt], [IsDeleted]) VALUES (CAST(2319.00 AS Decimal(12, 2)), 10, 49, 6, CAST(N'2021-12-12T00:00:00.000' AS DateTime), CAST(N'2021-12-12T00:00:00.000' AS DateTime), 0)
INSERT [dbo].[Bill] ([SupportCost], [EmployeeId], [ClaimId], [PolicyId], [CreatedAt], [UpdatedAt], [IsDeleted]) VALUES (CAST(719.00 AS Decimal(12, 2)), 19, 50, 25, CAST(N'2022-02-08T00:00:00.000' AS DateTime), CAST(N'2022-02-08T00:00:00.000' AS DateTime), 0)
INSERT [dbo].[Bill] ([SupportCost], [EmployeeId], [ClaimId], [PolicyId], [CreatedAt], [UpdatedAt], [IsDeleted]) VALUES (CAST(480.00 AS Decimal(12, 2)), 3, 51, 25, CAST(N'2022-01-27T00:00:00.000' AS DateTime), CAST(N'2022-01-27T00:00:00.000' AS DateTime), 0)
INSERT [dbo].[Bill] ([SupportCost], [EmployeeId], [ClaimId], [PolicyId], [CreatedAt], [UpdatedAt], [IsDeleted]) VALUES (CAST(189.00 AS Decimal(12, 2)), 13, 52, 15, CAST(N'2022-03-01T00:00:00.000' AS DateTime), CAST(N'2022-03-01T00:00:00.000' AS DateTime), 0)
INSERT [dbo].[Bill] ([SupportCost], [EmployeeId], [ClaimId], [PolicyId], [CreatedAt], [UpdatedAt], [IsDeleted]) VALUES (CAST(580.00 AS Decimal(12, 2)), 15, 53, 14, CAST(N'2022-02-03T00:00:00.000' AS DateTime), CAST(N'2022-02-03T00:00:00.000' AS DateTime), 0)
INSERT [dbo].[Bill] ([SupportCost], [EmployeeId], [ClaimId], [PolicyId], [CreatedAt], [UpdatedAt], [IsDeleted]) VALUES (CAST(3983.00 AS Decimal(12, 2)), 18, 54, 7, CAST(N'2022-01-30T00:00:00.000' AS DateTime), CAST(N'2022-01-30T00:00:00.000' AS DateTime), 0)
INSERT [dbo].[Bill] ([SupportCost], [EmployeeId], [ClaimId], [PolicyId], [CreatedAt], [UpdatedAt], [IsDeleted]) VALUES (CAST(198.00 AS Decimal(12, 2)), 16, 55, 15, CAST(N'2022-01-18T00:00:00.000' AS DateTime), CAST(N'2022-01-18T00:00:00.000' AS DateTime), 0)
INSERT [dbo].[Bill] ([SupportCost], [EmployeeId], [ClaimId], [PolicyId], [CreatedAt], [UpdatedAt], [IsDeleted]) VALUES (CAST(1096.00 AS Decimal(12, 2)), 12, 56, 11, CAST(N'2022-01-09T00:00:00.000' AS DateTime), CAST(N'2022-01-09T00:00:00.000' AS DateTime), 0)
INSERT [dbo].[Bill] ([SupportCost], [EmployeeId], [ClaimId], [PolicyId], [CreatedAt], [UpdatedAt], [IsDeleted]) VALUES (CAST(2046.00 AS Decimal(12, 2)), 13, 57, 6, CAST(N'2021-10-27T00:00:00.000' AS DateTime), CAST(N'2021-10-27T00:00:00.000' AS DateTime), 0)
INSERT [dbo].[Bill] ([SupportCost], [EmployeeId], [ClaimId], [PolicyId], [CreatedAt], [UpdatedAt], [IsDeleted]) VALUES (CAST(2180.00 AS Decimal(12, 2)), 19, 58, 13, CAST(N'2022-01-27T00:00:00.000' AS DateTime), CAST(N'2022-01-27T00:00:00.000' AS DateTime), 0)
INSERT [dbo].[Bill] ([SupportCost], [EmployeeId], [ClaimId], [PolicyId], [CreatedAt], [UpdatedAt], [IsDeleted]) VALUES (CAST(532.00 AS Decimal(12, 2)), 1, 59, 31, CAST(N'2022-02-28T00:00:00.000' AS DateTime), CAST(N'2022-02-28T00:00:00.000' AS DateTime), 0)
INSERT [dbo].[Bill] ([SupportCost], [EmployeeId], [ClaimId], [PolicyId], [CreatedAt], [UpdatedAt], [IsDeleted]) VALUES (CAST(1369.00 AS Decimal(12, 2)), 3, 60, 8, CAST(N'2021-12-31T00:00:00.000' AS DateTime), CAST(N'2021-12-31T00:00:00.000' AS DateTime), 0)
INSERT [dbo].[Bill] ([SupportCost], [EmployeeId], [ClaimId], [PolicyId], [CreatedAt], [UpdatedAt], [IsDeleted]) VALUES (CAST(2149.00 AS Decimal(12, 2)), 11, 61, 13, CAST(N'2021-11-13T00:00:00.000' AS DateTime), CAST(N'2021-11-13T00:00:00.000' AS DateTime), 0)
INSERT [dbo].[Bill] ([SupportCost], [EmployeeId], [ClaimId], [PolicyId], [CreatedAt], [UpdatedAt], [IsDeleted]) VALUES (CAST(1134.00 AS Decimal(12, 2)), 8, 62, 19, CAST(N'2022-01-22T00:00:00.000' AS DateTime), CAST(N'2022-01-22T00:00:00.000' AS DateTime), 0)
INSERT [dbo].[Bill] ([SupportCost], [EmployeeId], [ClaimId], [PolicyId], [CreatedAt], [UpdatedAt], [IsDeleted]) VALUES (CAST(1198.00 AS Decimal(12, 2)), 10, 63, 34, CAST(N'2021-12-11T00:00:00.000' AS DateTime), CAST(N'2021-12-11T00:00:00.000' AS DateTime), 0)
INSERT [dbo].[Bill] ([SupportCost], [EmployeeId], [ClaimId], [PolicyId], [CreatedAt], [UpdatedAt], [IsDeleted]) VALUES (CAST(722.00 AS Decimal(12, 2)), 11, 64, 34, CAST(N'2022-02-12T00:00:00.000' AS DateTime), CAST(N'2022-02-12T00:00:00.000' AS DateTime), 0)
INSERT [dbo].[Bill] ([SupportCost], [EmployeeId], [ClaimId], [PolicyId], [CreatedAt], [UpdatedAt], [IsDeleted]) VALUES (CAST(1935.00 AS Decimal(12, 2)), 11, 65, 13, CAST(N'2021-11-04T00:00:00.000' AS DateTime), CAST(N'2021-11-04T00:00:00.000' AS DateTime), 0)
INSERT [dbo].[Bill] ([SupportCost], [EmployeeId], [ClaimId], [PolicyId], [CreatedAt], [UpdatedAt], [IsDeleted]) VALUES (CAST(1441.00 AS Decimal(12, 2)), 13, 66, 6, CAST(N'2021-10-18T00:00:00.000' AS DateTime), CAST(N'2021-10-18T00:00:00.000' AS DateTime), 0)
INSERT [dbo].[Bill] ([SupportCost], [EmployeeId], [ClaimId], [PolicyId], [CreatedAt], [UpdatedAt], [IsDeleted]) VALUES (CAST(1076.00 AS Decimal(12, 2)), 17, 67, 12, CAST(N'2022-03-02T00:00:00.000' AS DateTime), CAST(N'2022-03-02T00:00:00.000' AS DateTime), 0)
INSERT [dbo].[Bill] ([SupportCost], [EmployeeId], [ClaimId], [PolicyId], [CreatedAt], [UpdatedAt], [IsDeleted]) VALUES (CAST(874.00 AS Decimal(12, 2)), 10, 68, 19, CAST(N'2022-01-24T00:00:00.000' AS DateTime), CAST(N'2022-01-24T00:00:00.000' AS DateTime), 0)
INSERT [dbo].[Bill] ([SupportCost], [EmployeeId], [ClaimId], [PolicyId], [CreatedAt], [UpdatedAt], [IsDeleted]) VALUES (CAST(896.00 AS Decimal(12, 2)), 16, 69, 31, CAST(N'2021-12-05T00:00:00.000' AS DateTime), CAST(N'2021-12-05T00:00:00.000' AS DateTime), 0)
INSERT [dbo].[Bill] ([SupportCost], [EmployeeId], [ClaimId], [PolicyId], [CreatedAt], [UpdatedAt], [IsDeleted]) VALUES (CAST(1054.00 AS Decimal(12, 2)), 17, 70, 12, CAST(N'2021-12-31T00:00:00.000' AS DateTime), CAST(N'2021-12-31T00:00:00.000' AS DateTime), 0)
INSERT [dbo].[Bill] ([SupportCost], [EmployeeId], [ClaimId], [PolicyId], [CreatedAt], [UpdatedAt], [IsDeleted]) VALUES (CAST(668.00 AS Decimal(12, 2)), 14, 71, 2, CAST(N'2022-02-04T00:00:00.000' AS DateTime), CAST(N'2022-02-04T00:00:00.000' AS DateTime), 0)
INSERT [dbo].[Bill] ([SupportCost], [EmployeeId], [ClaimId], [PolicyId], [CreatedAt], [UpdatedAt], [IsDeleted]) VALUES (CAST(1384.00 AS Decimal(12, 2)), 13, 72, 27, CAST(N'2022-01-14T00:00:00.000' AS DateTime), CAST(N'2022-01-14T00:00:00.000' AS DateTime), 0)
INSERT [dbo].[Bill] ([SupportCost], [EmployeeId], [ClaimId], [PolicyId], [CreatedAt], [UpdatedAt], [IsDeleted]) VALUES (CAST(1441.00 AS Decimal(12, 2)), 6, 73, 19, CAST(N'2022-01-29T00:00:00.000' AS DateTime), CAST(N'2022-01-29T00:00:00.000' AS DateTime), 0)
INSERT [dbo].[Bill] ([SupportCost], [EmployeeId], [ClaimId], [PolicyId], [CreatedAt], [UpdatedAt], [IsDeleted]) VALUES (CAST(839.00 AS Decimal(12, 2)), 14, 74, 2, CAST(N'2022-01-19T00:00:00.000' AS DateTime), CAST(N'2022-01-19T00:00:00.000' AS DateTime), 0)
INSERT [dbo].[Bill] ([SupportCost], [EmployeeId], [ClaimId], [PolicyId], [CreatedAt], [UpdatedAt], [IsDeleted]) VALUES (CAST(1204.00 AS Decimal(12, 2)), 4, 75, 8, CAST(N'2022-02-04T00:00:00.000' AS DateTime), CAST(N'2022-02-04T00:00:00.000' AS DateTime), 0)
INSERT [dbo].[Bill] ([SupportCost], [EmployeeId], [ClaimId], [PolicyId], [CreatedAt], [UpdatedAt], [IsDeleted]) VALUES (CAST(174.00 AS Decimal(12, 2)), 8, 76, 15, CAST(N'2022-02-17T00:00:00.000' AS DateTime), CAST(N'2022-02-17T00:00:00.000' AS DateTime), 0)
INSERT [dbo].[Bill] ([SupportCost], [EmployeeId], [ClaimId], [PolicyId], [CreatedAt], [UpdatedAt], [IsDeleted]) VALUES (CAST(449.00 AS Decimal(12, 2)), 1, 77, 25, CAST(N'2022-02-08T00:00:00.000' AS DateTime), CAST(N'2022-02-08T00:00:00.000' AS DateTime), 0)
INSERT [dbo].[Bill] ([SupportCost], [EmployeeId], [ClaimId], [PolicyId], [CreatedAt], [UpdatedAt], [IsDeleted]) VALUES (CAST(2042.00 AS Decimal(12, 2)), 9, 78, 7, CAST(N'2022-03-03T00:00:00.000' AS DateTime), CAST(N'2022-03-03T00:00:00.000' AS DateTime), 0)
INSERT [dbo].[Bill] ([SupportCost], [EmployeeId], [ClaimId], [PolicyId], [CreatedAt], [UpdatedAt], [IsDeleted]) VALUES (CAST(2523.00 AS Decimal(12, 2)), 2, 79, 3, CAST(N'2021-12-15T00:00:00.000' AS DateTime), CAST(N'2021-12-15T00:00:00.000' AS DateTime), 0)
INSERT [dbo].[Bill] ([SupportCost], [EmployeeId], [ClaimId], [PolicyId], [CreatedAt], [UpdatedAt], [IsDeleted]) VALUES (CAST(816.00 AS Decimal(12, 2)), 9, 80, 34, CAST(N'2022-02-07T00:00:00.000' AS DateTime), CAST(N'2022-02-07T00:00:00.000' AS DateTime), 0)
INSERT [dbo].[Bill] ([SupportCost], [EmployeeId], [ClaimId], [PolicyId], [CreatedAt], [UpdatedAt], [IsDeleted]) VALUES (CAST(168.00 AS Decimal(12, 2)), 4, 81, 15, CAST(N'2022-01-15T00:00:00.000' AS DateTime), CAST(N'2022-01-15T00:00:00.000' AS DateTime), 0)
INSERT [dbo].[Bill] ([SupportCost], [EmployeeId], [ClaimId], [PolicyId], [CreatedAt], [UpdatedAt], [IsDeleted]) VALUES (CAST(1961.00 AS Decimal(12, 2)), 7, 82, 33, CAST(N'2022-01-12T00:00:00.000' AS DateTime), CAST(N'2022-01-12T00:00:00.000' AS DateTime), 0)
INSERT [dbo].[Bill] ([SupportCost], [EmployeeId], [ClaimId], [PolicyId], [CreatedAt], [UpdatedAt], [IsDeleted]) VALUES (CAST(690.00 AS Decimal(12, 2)), 15, 83, 34, CAST(N'2022-02-16T00:00:00.000' AS DateTime), CAST(N'2022-02-16T00:00:00.000' AS DateTime), 0)
INSERT [dbo].[Bill] ([SupportCost], [EmployeeId], [ClaimId], [PolicyId], [CreatedAt], [UpdatedAt], [IsDeleted]) VALUES (CAST(110.00 AS Decimal(12, 2)), 1, 84, 15, CAST(N'2022-03-03T00:00:00.000' AS DateTime), CAST(N'2022-03-03T00:00:00.000' AS DateTime), 0)
INSERT [dbo].[Bill] ([SupportCost], [EmployeeId], [ClaimId], [PolicyId], [CreatedAt], [UpdatedAt], [IsDeleted]) VALUES (CAST(925.00 AS Decimal(12, 2)), 9, 85, 19, CAST(N'2022-01-08T00:00:00.000' AS DateTime), CAST(N'2022-01-08T00:00:00.000' AS DateTime), 0)
INSERT [dbo].[Bill] ([SupportCost], [EmployeeId], [ClaimId], [PolicyId], [CreatedAt], [UpdatedAt], [IsDeleted]) VALUES (CAST(1056.00 AS Decimal(12, 2)), 10, 86, 11, CAST(N'2022-01-15T00:00:00.000' AS DateTime), CAST(N'2022-01-15T00:00:00.000' AS DateTime), 0)
INSERT [dbo].[Bill] ([SupportCost], [EmployeeId], [ClaimId], [PolicyId], [CreatedAt], [UpdatedAt], [IsDeleted]) VALUES (CAST(856.00 AS Decimal(12, 2)), 12, 87, 26, CAST(N'2022-02-12T00:00:00.000' AS DateTime), CAST(N'2022-02-12T00:00:00.000' AS DateTime), 0)
INSERT [dbo].[Bill] ([SupportCost], [EmployeeId], [ClaimId], [PolicyId], [CreatedAt], [UpdatedAt], [IsDeleted]) VALUES (CAST(1223.00 AS Decimal(12, 2)), 5, 88, 8, CAST(N'2022-01-11T00:00:00.000' AS DateTime), CAST(N'2022-01-11T00:00:00.000' AS DateTime), 0)
INSERT [dbo].[Bill] ([SupportCost], [EmployeeId], [ClaimId], [PolicyId], [CreatedAt], [UpdatedAt], [IsDeleted]) VALUES (CAST(1474.00 AS Decimal(12, 2)), 19, 89, 1, CAST(N'2021-11-25T00:00:00.000' AS DateTime), CAST(N'2021-11-25T00:00:00.000' AS DateTime), 0)
INSERT [dbo].[Bill] ([SupportCost], [EmployeeId], [ClaimId], [PolicyId], [CreatedAt], [UpdatedAt], [IsDeleted]) VALUES (CAST(1277.00 AS Decimal(12, 2)), 4, 90, 8, CAST(N'2022-02-24T00:00:00.000' AS DateTime), CAST(N'2022-02-24T00:00:00.000' AS DateTime), 0)
INSERT [dbo].[Bill] ([SupportCost], [EmployeeId], [ClaimId], [PolicyId], [CreatedAt], [UpdatedAt], [IsDeleted]) VALUES (CAST(2642.00 AS Decimal(12, 2)), 10, 91, 6, CAST(N'2021-12-12T00:00:00.000' AS DateTime), CAST(N'2021-12-12T00:00:00.000' AS DateTime), 0)
INSERT [dbo].[Bill] ([SupportCost], [EmployeeId], [ClaimId], [PolicyId], [CreatedAt], [UpdatedAt], [IsDeleted]) VALUES (CAST(869.00 AS Decimal(12, 2)), 14, 92, 14, CAST(N'2021-12-07T00:00:00.000' AS DateTime), CAST(N'2021-12-07T00:00:00.000' AS DateTime), 0)
INSERT [dbo].[Bill] ([SupportCost], [EmployeeId], [ClaimId], [PolicyId], [CreatedAt], [UpdatedAt], [IsDeleted]) VALUES (CAST(458.00 AS Decimal(12, 2)), 3, 93, 25, CAST(N'2022-01-07T00:00:00.000' AS DateTime), CAST(N'2022-01-07T00:00:00.000' AS DateTime), 0)
INSERT [dbo].[Bill] ([SupportCost], [EmployeeId], [ClaimId], [PolicyId], [CreatedAt], [UpdatedAt], [IsDeleted]) VALUES (CAST(858.00 AS Decimal(12, 2)), 19, 94, 1, CAST(N'2021-11-07T00:00:00.000' AS DateTime), CAST(N'2021-11-07T00:00:00.000' AS DateTime), 0)
GO
SET IDENTITY_INSERT [dbo].[ClaimAction] ON 

INSERT [dbo].[ClaimAction] ([Id], [ActionType], [Reason], [CreatebyEmployeeId], [CreatebyInsuranceAdminId], [ClaimId], [CreatedAt], [UpdatedAt], [IsDeleted]) VALUES (1, 1, NULL, 16, NULL, 1, CAST(N'2021-10-23T00:00:00.000' AS DateTime), CAST(N'2022-03-06T01:36:32.400' AS DateTime), 0)
INSERT [dbo].[ClaimAction] ([Id], [ActionType], [Reason], [CreatebyEmployeeId], [CreatebyInsuranceAdminId], [ClaimId], [CreatedAt], [UpdatedAt], [IsDeleted]) VALUES (2, 5, N'The request does not match the policy', NULL, 2, 1, CAST(N'2021-10-24T00:00:00.000' AS DateTime), CAST(N'2021-10-24T00:00:00.000' AS DateTime), 0)
INSERT [dbo].[ClaimAction] ([Id], [ActionType], [Reason], [CreatebyEmployeeId], [CreatebyInsuranceAdminId], [ClaimId], [CreatedAt], [UpdatedAt], [IsDeleted]) VALUES (3, 1, NULL, 7, NULL, 2, CAST(N'2022-01-11T00:00:00.000' AS DateTime), CAST(N'2022-03-06T01:36:32.403' AS DateTime), 0)
INSERT [dbo].[ClaimAction] ([Id], [ActionType], [Reason], [CreatebyEmployeeId], [CreatebyInsuranceAdminId], [ClaimId], [CreatedAt], [UpdatedAt], [IsDeleted]) VALUES (4, 5, N'The request does not match the policy', NULL, 7, 2, CAST(N'2022-01-12T00:00:00.000' AS DateTime), CAST(N'2022-01-12T00:00:00.000' AS DateTime), 0)
INSERT [dbo].[ClaimAction] ([Id], [ActionType], [Reason], [CreatebyEmployeeId], [CreatebyInsuranceAdminId], [ClaimId], [CreatedAt], [UpdatedAt], [IsDeleted]) VALUES (5, 1, NULL, 12, NULL, 3, CAST(N'2021-11-16T00:00:00.000' AS DateTime), CAST(N'2022-03-06T01:36:32.403' AS DateTime), 0)
INSERT [dbo].[ClaimAction] ([Id], [ActionType], [Reason], [CreatebyEmployeeId], [CreatebyInsuranceAdminId], [ClaimId], [CreatedAt], [UpdatedAt], [IsDeleted]) VALUES (6, 5, N'The request does not match the policy', NULL, 8, 3, CAST(N'2021-11-17T00:00:00.000' AS DateTime), CAST(N'2021-11-17T00:00:00.000' AS DateTime), 0)
INSERT [dbo].[ClaimAction] ([Id], [ActionType], [Reason], [CreatebyEmployeeId], [CreatebyInsuranceAdminId], [ClaimId], [CreatedAt], [UpdatedAt], [IsDeleted]) VALUES (7, 1, NULL, 7, NULL, 4, CAST(N'2022-02-24T00:00:00.000' AS DateTime), CAST(N'2022-03-06T01:36:32.403' AS DateTime), 0)
INSERT [dbo].[ClaimAction] ([Id], [ActionType], [Reason], [CreatebyEmployeeId], [CreatebyInsuranceAdminId], [ClaimId], [CreatedAt], [UpdatedAt], [IsDeleted]) VALUES (8, 5, N'The request does not match the policy', NULL, 7, 4, CAST(N'2022-02-25T00:00:00.000' AS DateTime), CAST(N'2022-02-25T00:00:00.000' AS DateTime), 0)
INSERT [dbo].[ClaimAction] ([Id], [ActionType], [Reason], [CreatebyEmployeeId], [CreatebyInsuranceAdminId], [ClaimId], [CreatedAt], [UpdatedAt], [IsDeleted]) VALUES (9, 1, NULL, 19, NULL, 5, CAST(N'2021-11-15T00:00:00.000' AS DateTime), CAST(N'2022-03-06T01:36:32.403' AS DateTime), 0)
INSERT [dbo].[ClaimAction] ([Id], [ActionType], [Reason], [CreatebyEmployeeId], [CreatebyInsuranceAdminId], [ClaimId], [CreatedAt], [UpdatedAt], [IsDeleted]) VALUES (10, 5, N'The request does not match the policy', NULL, 7, 5, CAST(N'2021-11-16T00:00:00.000' AS DateTime), CAST(N'2021-11-16T00:00:00.000' AS DateTime), 0)
INSERT [dbo].[ClaimAction] ([Id], [ActionType], [Reason], [CreatebyEmployeeId], [CreatebyInsuranceAdminId], [ClaimId], [CreatedAt], [UpdatedAt], [IsDeleted]) VALUES (11, 1, NULL, 12, NULL, 6, CAST(N'2022-02-04T00:00:00.000' AS DateTime), CAST(N'2022-03-06T01:36:32.407' AS DateTime), 0)
INSERT [dbo].[ClaimAction] ([Id], [ActionType], [Reason], [CreatebyEmployeeId], [CreatebyInsuranceAdminId], [ClaimId], [CreatedAt], [UpdatedAt], [IsDeleted]) VALUES (12, 5, N'The request does not match the policy', NULL, 1, 6, CAST(N'2022-02-05T00:00:00.000' AS DateTime), CAST(N'2022-02-05T00:00:00.000' AS DateTime), 0)
INSERT [dbo].[ClaimAction] ([Id], [ActionType], [Reason], [CreatebyEmployeeId], [CreatebyInsuranceAdminId], [ClaimId], [CreatedAt], [UpdatedAt], [IsDeleted]) VALUES (13, 1, NULL, 6, NULL, 7, CAST(N'2022-02-09T00:00:00.000' AS DateTime), CAST(N'2022-03-06T01:36:32.407' AS DateTime), 0)
INSERT [dbo].[ClaimAction] ([Id], [ActionType], [Reason], [CreatebyEmployeeId], [CreatebyInsuranceAdminId], [ClaimId], [CreatedAt], [UpdatedAt], [IsDeleted]) VALUES (14, 5, N'The request does not match the policy', NULL, 5, 7, CAST(N'2022-02-10T00:00:00.000' AS DateTime), CAST(N'2022-02-10T00:00:00.000' AS DateTime), 0)
INSERT [dbo].[ClaimAction] ([Id], [ActionType], [Reason], [CreatebyEmployeeId], [CreatebyInsuranceAdminId], [ClaimId], [CreatedAt], [UpdatedAt], [IsDeleted]) VALUES (15, 1, NULL, 17, NULL, 8, CAST(N'2021-12-23T00:00:00.000' AS DateTime), CAST(N'2022-03-06T01:36:32.407' AS DateTime), 0)
INSERT [dbo].[ClaimAction] ([Id], [ActionType], [Reason], [CreatebyEmployeeId], [CreatebyInsuranceAdminId], [ClaimId], [CreatedAt], [UpdatedAt], [IsDeleted]) VALUES (16, 5, N'The request does not match the policy', NULL, 2, 8, CAST(N'2021-12-24T00:00:00.000' AS DateTime), CAST(N'2021-12-24T00:00:00.000' AS DateTime), 0)
INSERT [dbo].[ClaimAction] ([Id], [ActionType], [Reason], [CreatebyEmployeeId], [CreatebyInsuranceAdminId], [ClaimId], [CreatedAt], [UpdatedAt], [IsDeleted]) VALUES (17, 1, NULL, 15, NULL, 9, CAST(N'2022-01-19T00:00:00.000' AS DateTime), CAST(N'2022-03-06T01:36:32.407' AS DateTime), 0)
INSERT [dbo].[ClaimAction] ([Id], [ActionType], [Reason], [CreatebyEmployeeId], [CreatebyInsuranceAdminId], [ClaimId], [CreatedAt], [UpdatedAt], [IsDeleted]) VALUES (18, 5, N'The request does not match the policy', NULL, 8, 9, CAST(N'2022-01-20T00:00:00.000' AS DateTime), CAST(N'2022-01-20T00:00:00.000' AS DateTime), 0)
INSERT [dbo].[ClaimAction] ([Id], [ActionType], [Reason], [CreatebyEmployeeId], [CreatebyInsuranceAdminId], [ClaimId], [CreatedAt], [UpdatedAt], [IsDeleted]) VALUES (19, 1, NULL, 11, NULL, 10, CAST(N'2021-10-22T00:00:00.000' AS DateTime), CAST(N'2022-03-06T01:36:32.407' AS DateTime), 0)
INSERT [dbo].[ClaimAction] ([Id], [ActionType], [Reason], [CreatebyEmployeeId], [CreatebyInsuranceAdminId], [ClaimId], [CreatedAt], [UpdatedAt], [IsDeleted]) VALUES (20, 5, N'The request does not match the policy', NULL, 1, 10, CAST(N'2021-10-23T00:00:00.000' AS DateTime), CAST(N'2021-10-23T00:00:00.000' AS DateTime), 0)
INSERT [dbo].[ClaimAction] ([Id], [ActionType], [Reason], [CreatebyEmployeeId], [CreatebyInsuranceAdminId], [ClaimId], [CreatedAt], [UpdatedAt], [IsDeleted]) VALUES (21, 1, NULL, 1, NULL, 11, CAST(N'2022-01-08T00:00:00.000' AS DateTime), CAST(N'2022-03-06T01:42:50.297' AS DateTime), 0)
INSERT [dbo].[ClaimAction] ([Id], [ActionType], [Reason], [CreatebyEmployeeId], [CreatebyInsuranceAdminId], [ClaimId], [CreatedAt], [UpdatedAt], [IsDeleted]) VALUES (22, 4, NULL, NULL, 5, 11, CAST(N'2022-01-09T00:00:00.000' AS DateTime), CAST(N'2022-01-09T00:00:00.000' AS DateTime), 0)
INSERT [dbo].[ClaimAction] ([Id], [ActionType], [Reason], [CreatebyEmployeeId], [CreatebyInsuranceAdminId], [ClaimId], [CreatedAt], [UpdatedAt], [IsDeleted]) VALUES (23, 5, N'The budget is temporarily closed.', NULL, 13, 11, CAST(N'2022-01-10T00:00:00.000' AS DateTime), CAST(N'2022-01-10T00:00:00.000' AS DateTime), 0)
INSERT [dbo].[ClaimAction] ([Id], [ActionType], [Reason], [CreatebyEmployeeId], [CreatebyInsuranceAdminId], [ClaimId], [CreatedAt], [UpdatedAt], [IsDeleted]) VALUES (24, 1, NULL, 13, NULL, 12, CAST(N'2021-10-24T00:00:00.000' AS DateTime), CAST(N'2022-03-06T01:42:50.300' AS DateTime), 0)
INSERT [dbo].[ClaimAction] ([Id], [ActionType], [Reason], [CreatebyEmployeeId], [CreatebyInsuranceAdminId], [ClaimId], [CreatedAt], [UpdatedAt], [IsDeleted]) VALUES (25, 4, NULL, NULL, 6, 12, CAST(N'2021-10-25T00:00:00.000' AS DateTime), CAST(N'2021-10-25T00:00:00.000' AS DateTime), 0)
INSERT [dbo].[ClaimAction] ([Id], [ActionType], [Reason], [CreatebyEmployeeId], [CreatebyInsuranceAdminId], [ClaimId], [CreatedAt], [UpdatedAt], [IsDeleted]) VALUES (26, 5, N'The budget is temporarily closed.', NULL, 14, 12, CAST(N'2021-10-26T00:00:00.000' AS DateTime), CAST(N'2021-10-26T00:00:00.000' AS DateTime), 0)
INSERT [dbo].[ClaimAction] ([Id], [ActionType], [Reason], [CreatebyEmployeeId], [CreatebyInsuranceAdminId], [ClaimId], [CreatedAt], [UpdatedAt], [IsDeleted]) VALUES (27, 1, NULL, 12, NULL, 13, CAST(N'2021-12-26T00:00:00.000' AS DateTime), CAST(N'2022-03-06T01:42:50.300' AS DateTime), 0)
INSERT [dbo].[ClaimAction] ([Id], [ActionType], [Reason], [CreatebyEmployeeId], [CreatebyInsuranceAdminId], [ClaimId], [CreatedAt], [UpdatedAt], [IsDeleted]) VALUES (28, 4, NULL, NULL, 1, 13, CAST(N'2021-12-27T00:00:00.000' AS DateTime), CAST(N'2021-12-27T00:00:00.000' AS DateTime), 0)
INSERT [dbo].[ClaimAction] ([Id], [ActionType], [Reason], [CreatebyEmployeeId], [CreatebyInsuranceAdminId], [ClaimId], [CreatedAt], [UpdatedAt], [IsDeleted]) VALUES (29, 5, N'The budget is temporarily closed.', NULL, 9, 13, CAST(N'2021-12-28T00:00:00.000' AS DateTime), CAST(N'2021-12-28T00:00:00.000' AS DateTime), 0)
INSERT [dbo].[ClaimAction] ([Id], [ActionType], [Reason], [CreatebyEmployeeId], [CreatebyInsuranceAdminId], [ClaimId], [CreatedAt], [UpdatedAt], [IsDeleted]) VALUES (30, 1, NULL, 10, NULL, 14, CAST(N'2022-01-26T00:00:00.000' AS DateTime), CAST(N'2022-03-06T01:42:50.300' AS DateTime), 0)
INSERT [dbo].[ClaimAction] ([Id], [ActionType], [Reason], [CreatebyEmployeeId], [CreatebyInsuranceAdminId], [ClaimId], [CreatedAt], [UpdatedAt], [IsDeleted]) VALUES (31, 4, NULL, NULL, 1, 14, CAST(N'2022-01-27T00:00:00.000' AS DateTime), CAST(N'2022-01-27T00:00:00.000' AS DateTime), 0)
INSERT [dbo].[ClaimAction] ([Id], [ActionType], [Reason], [CreatebyEmployeeId], [CreatebyInsuranceAdminId], [ClaimId], [CreatedAt], [UpdatedAt], [IsDeleted]) VALUES (32, 5, N'The budget is temporarily closed.', NULL, 9, 14, CAST(N'2022-01-28T00:00:00.000' AS DateTime), CAST(N'2022-01-28T00:00:00.000' AS DateTime), 0)
INSERT [dbo].[ClaimAction] ([Id], [ActionType], [Reason], [CreatebyEmployeeId], [CreatebyInsuranceAdminId], [ClaimId], [CreatedAt], [UpdatedAt], [IsDeleted]) VALUES (33, 1, NULL, 19, NULL, 15, CAST(N'2022-01-20T00:00:00.000' AS DateTime), CAST(N'2022-03-06T01:44:53.353' AS DateTime), 0)
INSERT [dbo].[ClaimAction] ([Id], [ActionType], [Reason], [CreatebyEmployeeId], [CreatebyInsuranceAdminId], [ClaimId], [CreatedAt], [UpdatedAt], [IsDeleted]) VALUES (34, 4, NULL, NULL, 3, 15, CAST(N'2022-01-21T00:00:00.000' AS DateTime), CAST(N'2022-01-21T00:00:00.000' AS DateTime), 0)
INSERT [dbo].[ClaimAction] ([Id], [ActionType], [Reason], [CreatebyEmployeeId], [CreatebyInsuranceAdminId], [ClaimId], [CreatedAt], [UpdatedAt], [IsDeleted]) VALUES (35, 7, NULL, NULL, 11, 15, CAST(N'2022-01-22T00:00:00.000' AS DateTime), CAST(N'2022-01-22T00:00:00.000' AS DateTime), 0)
INSERT [dbo].[ClaimAction] ([Id], [ActionType], [Reason], [CreatebyEmployeeId], [CreatebyInsuranceAdminId], [ClaimId], [CreatedAt], [UpdatedAt], [IsDeleted]) VALUES (36, 1, NULL, 1, NULL, 16, CAST(N'2021-12-20T00:00:00.000' AS DateTime), CAST(N'2022-03-06T01:44:53.353' AS DateTime), 0)
INSERT [dbo].[ClaimAction] ([Id], [ActionType], [Reason], [CreatebyEmployeeId], [CreatebyInsuranceAdminId], [ClaimId], [CreatedAt], [UpdatedAt], [IsDeleted]) VALUES (37, 4, NULL, NULL, 5, 16, CAST(N'2021-12-21T00:00:00.000' AS DateTime), CAST(N'2021-12-21T00:00:00.000' AS DateTime), 0)
INSERT [dbo].[ClaimAction] ([Id], [ActionType], [Reason], [CreatebyEmployeeId], [CreatebyInsuranceAdminId], [ClaimId], [CreatedAt], [UpdatedAt], [IsDeleted]) VALUES (38, 7, NULL, NULL, 13, 16, CAST(N'2021-12-22T00:00:00.000' AS DateTime), CAST(N'2021-12-22T00:00:00.000' AS DateTime), 0)
INSERT [dbo].[ClaimAction] ([Id], [ActionType], [Reason], [CreatebyEmployeeId], [CreatebyInsuranceAdminId], [ClaimId], [CreatedAt], [UpdatedAt], [IsDeleted]) VALUES (39, 1, NULL, 3, NULL, 17, CAST(N'2022-01-19T00:00:00.000' AS DateTime), CAST(N'2022-03-06T01:44:53.357' AS DateTime), 0)
INSERT [dbo].[ClaimAction] ([Id], [ActionType], [Reason], [CreatebyEmployeeId], [CreatebyInsuranceAdminId], [ClaimId], [CreatedAt], [UpdatedAt], [IsDeleted]) VALUES (40, 4, NULL, NULL, 7, 17, CAST(N'2022-01-20T00:00:00.000' AS DateTime), CAST(N'2022-01-20T00:00:00.000' AS DateTime), 0)
INSERT [dbo].[ClaimAction] ([Id], [ActionType], [Reason], [CreatebyEmployeeId], [CreatebyInsuranceAdminId], [ClaimId], [CreatedAt], [UpdatedAt], [IsDeleted]) VALUES (41, 7, NULL, NULL, 15, 17, CAST(N'2022-01-21T00:00:00.000' AS DateTime), CAST(N'2022-01-21T00:00:00.000' AS DateTime), 0)
INSERT [dbo].[ClaimAction] ([Id], [ActionType], [Reason], [CreatebyEmployeeId], [CreatebyInsuranceAdminId], [ClaimId], [CreatedAt], [UpdatedAt], [IsDeleted]) VALUES (42, 1, NULL, 13, NULL, 18, CAST(N'2022-02-20T00:00:00.000' AS DateTime), CAST(N'2022-03-06T01:44:53.357' AS DateTime), 0)
INSERT [dbo].[ClaimAction] ([Id], [ActionType], [Reason], [CreatebyEmployeeId], [CreatebyInsuranceAdminId], [ClaimId], [CreatedAt], [UpdatedAt], [IsDeleted]) VALUES (43, 4, NULL, NULL, 5, 18, CAST(N'2022-02-21T00:00:00.000' AS DateTime), CAST(N'2022-02-21T00:00:00.000' AS DateTime), 0)
INSERT [dbo].[ClaimAction] ([Id], [ActionType], [Reason], [CreatebyEmployeeId], [CreatebyInsuranceAdminId], [ClaimId], [CreatedAt], [UpdatedAt], [IsDeleted]) VALUES (44, 7, NULL, NULL, 13, 18, CAST(N'2022-02-22T00:00:00.000' AS DateTime), CAST(N'2022-02-22T00:00:00.000' AS DateTime), 0)
INSERT [dbo].[ClaimAction] ([Id], [ActionType], [Reason], [CreatebyEmployeeId], [CreatebyInsuranceAdminId], [ClaimId], [CreatedAt], [UpdatedAt], [IsDeleted]) VALUES (48, 1, NULL, 10, NULL, 20, CAST(N'2022-03-03T00:00:00.000' AS DateTime), CAST(N'2022-03-06T01:44:53.360' AS DateTime), 0)
INSERT [dbo].[ClaimAction] ([Id], [ActionType], [Reason], [CreatebyEmployeeId], [CreatebyInsuranceAdminId], [ClaimId], [CreatedAt], [UpdatedAt], [IsDeleted]) VALUES (49, 4, NULL, NULL, 1, 20, CAST(N'2022-03-04T00:00:00.000' AS DateTime), CAST(N'2022-03-04T00:00:00.000' AS DateTime), 0)
INSERT [dbo].[ClaimAction] ([Id], [ActionType], [Reason], [CreatebyEmployeeId], [CreatebyInsuranceAdminId], [ClaimId], [CreatedAt], [UpdatedAt], [IsDeleted]) VALUES (50, 7, NULL, NULL, 9, 20, CAST(N'2022-03-05T00:00:00.000' AS DateTime), CAST(N'2022-03-05T00:00:00.000' AS DateTime), 0)
INSERT [dbo].[ClaimAction] ([Id], [ActionType], [Reason], [CreatebyEmployeeId], [CreatebyInsuranceAdminId], [ClaimId], [CreatedAt], [UpdatedAt], [IsDeleted]) VALUES (51, 1, NULL, 18, NULL, 21, CAST(N'2022-02-16T00:00:00.000' AS DateTime), CAST(N'2022-03-06T01:44:53.360' AS DateTime), 0)
INSERT [dbo].[ClaimAction] ([Id], [ActionType], [Reason], [CreatebyEmployeeId], [CreatebyInsuranceAdminId], [ClaimId], [CreatedAt], [UpdatedAt], [IsDeleted]) VALUES (52, 4, NULL, NULL, 5, 21, CAST(N'2022-02-17T00:00:00.000' AS DateTime), CAST(N'2022-02-17T00:00:00.000' AS DateTime), 0)
INSERT [dbo].[ClaimAction] ([Id], [ActionType], [Reason], [CreatebyEmployeeId], [CreatebyInsuranceAdminId], [ClaimId], [CreatedAt], [UpdatedAt], [IsDeleted]) VALUES (53, 7, NULL, NULL, 13, 21, CAST(N'2022-02-18T00:00:00.000' AS DateTime), CAST(N'2022-02-18T00:00:00.000' AS DateTime), 0)
INSERT [dbo].[ClaimAction] ([Id], [ActionType], [Reason], [CreatebyEmployeeId], [CreatebyInsuranceAdminId], [ClaimId], [CreatedAt], [UpdatedAt], [IsDeleted]) VALUES (54, 1, NULL, 7, NULL, 22, CAST(N'2022-01-21T00:00:00.000' AS DateTime), CAST(N'2022-03-06T01:44:53.360' AS DateTime), 0)
INSERT [dbo].[ClaimAction] ([Id], [ActionType], [Reason], [CreatebyEmployeeId], [CreatebyInsuranceAdminId], [ClaimId], [CreatedAt], [UpdatedAt], [IsDeleted]) VALUES (55, 4, NULL, NULL, 7, 22, CAST(N'2022-01-22T00:00:00.000' AS DateTime), CAST(N'2022-01-22T00:00:00.000' AS DateTime), 0)
INSERT [dbo].[ClaimAction] ([Id], [ActionType], [Reason], [CreatebyEmployeeId], [CreatebyInsuranceAdminId], [ClaimId], [CreatedAt], [UpdatedAt], [IsDeleted]) VALUES (56, 7, NULL, NULL, 15, 22, CAST(N'2022-01-23T00:00:00.000' AS DateTime), CAST(N'2022-01-23T00:00:00.000' AS DateTime), 0)
INSERT [dbo].[ClaimAction] ([Id], [ActionType], [Reason], [CreatebyEmployeeId], [CreatebyInsuranceAdminId], [ClaimId], [CreatedAt], [UpdatedAt], [IsDeleted]) VALUES (57, 1, NULL, 11, NULL, 23, CAST(N'2022-02-22T00:00:00.000' AS DateTime), CAST(N'2022-03-06T01:44:53.363' AS DateTime), 0)
INSERT [dbo].[ClaimAction] ([Id], [ActionType], [Reason], [CreatebyEmployeeId], [CreatebyInsuranceAdminId], [ClaimId], [CreatedAt], [UpdatedAt], [IsDeleted]) VALUES (58, 4, NULL, NULL, 8, 23, CAST(N'2022-02-23T00:00:00.000' AS DateTime), CAST(N'2022-02-23T00:00:00.000' AS DateTime), 0)
INSERT [dbo].[ClaimAction] ([Id], [ActionType], [Reason], [CreatebyEmployeeId], [CreatebyInsuranceAdminId], [ClaimId], [CreatedAt], [UpdatedAt], [IsDeleted]) VALUES (59, 7, NULL, NULL, 16, 23, CAST(N'2022-02-24T00:00:00.000' AS DateTime), CAST(N'2022-02-24T00:00:00.000' AS DateTime), 0)
INSERT [dbo].[ClaimAction] ([Id], [ActionType], [Reason], [CreatebyEmployeeId], [CreatebyInsuranceAdminId], [ClaimId], [CreatedAt], [UpdatedAt], [IsDeleted]) VALUES (60, 1, NULL, 9, NULL, 24, CAST(N'2022-01-21T00:00:00.000' AS DateTime), CAST(N'2022-03-06T01:44:53.367' AS DateTime), 0)
INSERT [dbo].[ClaimAction] ([Id], [ActionType], [Reason], [CreatebyEmployeeId], [CreatebyInsuranceAdminId], [ClaimId], [CreatedAt], [UpdatedAt], [IsDeleted]) VALUES (61, 4, NULL, NULL, 7, 24, CAST(N'2022-01-22T00:00:00.000' AS DateTime), CAST(N'2022-01-22T00:00:00.000' AS DateTime), 0)
INSERT [dbo].[ClaimAction] ([Id], [ActionType], [Reason], [CreatebyEmployeeId], [CreatebyInsuranceAdminId], [ClaimId], [CreatedAt], [UpdatedAt], [IsDeleted]) VALUES (62, 7, NULL, NULL, 15, 24, CAST(N'2022-01-23T00:00:00.000' AS DateTime), CAST(N'2022-01-23T00:00:00.000' AS DateTime), 0)
INSERT [dbo].[ClaimAction] ([Id], [ActionType], [Reason], [CreatebyEmployeeId], [CreatebyInsuranceAdminId], [ClaimId], [CreatedAt], [UpdatedAt], [IsDeleted]) VALUES (63, 1, NULL, 9, NULL, 25, CAST(N'2022-01-31T00:00:00.000' AS DateTime), CAST(N'2022-03-06T01:44:53.370' AS DateTime), 0)
INSERT [dbo].[ClaimAction] ([Id], [ActionType], [Reason], [CreatebyEmployeeId], [CreatebyInsuranceAdminId], [ClaimId], [CreatedAt], [UpdatedAt], [IsDeleted]) VALUES (64, 4, NULL, NULL, 7, 25, CAST(N'2022-02-01T00:00:00.000' AS DateTime), CAST(N'2022-02-01T00:00:00.000' AS DateTime), 0)
INSERT [dbo].[ClaimAction] ([Id], [ActionType], [Reason], [CreatebyEmployeeId], [CreatebyInsuranceAdminId], [ClaimId], [CreatedAt], [UpdatedAt], [IsDeleted]) VALUES (65, 7, NULL, NULL, 15, 25, CAST(N'2022-02-02T00:00:00.000' AS DateTime), CAST(N'2022-02-02T00:00:00.000' AS DateTime), 0)
INSERT [dbo].[ClaimAction] ([Id], [ActionType], [Reason], [CreatebyEmployeeId], [CreatebyInsuranceAdminId], [ClaimId], [CreatedAt], [UpdatedAt], [IsDeleted]) VALUES (66, 1, NULL, 7, NULL, 26, CAST(N'2021-11-28T00:00:00.000' AS DateTime), CAST(N'2022-03-06T01:44:53.370' AS DateTime), 0)
INSERT [dbo].[ClaimAction] ([Id], [ActionType], [Reason], [CreatebyEmployeeId], [CreatebyInsuranceAdminId], [ClaimId], [CreatedAt], [UpdatedAt], [IsDeleted]) VALUES (67, 4, NULL, NULL, 5, 26, CAST(N'2021-11-29T00:00:00.000' AS DateTime), CAST(N'2021-11-29T00:00:00.000' AS DateTime), 0)
INSERT [dbo].[ClaimAction] ([Id], [ActionType], [Reason], [CreatebyEmployeeId], [CreatebyInsuranceAdminId], [ClaimId], [CreatedAt], [UpdatedAt], [IsDeleted]) VALUES (68, 7, NULL, NULL, 13, 26, CAST(N'2021-11-30T00:00:00.000' AS DateTime), CAST(N'2021-11-30T00:00:00.000' AS DateTime), 0)
INSERT [dbo].[ClaimAction] ([Id], [ActionType], [Reason], [CreatebyEmployeeId], [CreatebyInsuranceAdminId], [ClaimId], [CreatedAt], [UpdatedAt], [IsDeleted]) VALUES (69, 1, NULL, 5, NULL, 27, CAST(N'2022-02-27T00:00:00.000' AS DateTime), CAST(N'2022-03-06T01:44:53.370' AS DateTime), 0)
INSERT [dbo].[ClaimAction] ([Id], [ActionType], [Reason], [CreatebyEmployeeId], [CreatebyInsuranceAdminId], [ClaimId], [CreatedAt], [UpdatedAt], [IsDeleted]) VALUES (70, 4, NULL, NULL, 5, 27, CAST(N'2022-02-28T00:00:00.000' AS DateTime), CAST(N'2022-02-28T00:00:00.000' AS DateTime), 0)
INSERT [dbo].[ClaimAction] ([Id], [ActionType], [Reason], [CreatebyEmployeeId], [CreatebyInsuranceAdminId], [ClaimId], [CreatedAt], [UpdatedAt], [IsDeleted]) VALUES (71, 7, NULL, NULL, 13, 27, CAST(N'2022-03-01T00:00:00.000' AS DateTime), CAST(N'2022-03-01T00:00:00.000' AS DateTime), 0)
INSERT [dbo].[ClaimAction] ([Id], [ActionType], [Reason], [CreatebyEmployeeId], [CreatebyInsuranceAdminId], [ClaimId], [CreatedAt], [UpdatedAt], [IsDeleted]) VALUES (72, 1, NULL, 3, NULL, 28, CAST(N'2022-01-15T00:00:00.000' AS DateTime), CAST(N'2022-03-06T01:44:53.373' AS DateTime), 0)
INSERT [dbo].[ClaimAction] ([Id], [ActionType], [Reason], [CreatebyEmployeeId], [CreatebyInsuranceAdminId], [ClaimId], [CreatedAt], [UpdatedAt], [IsDeleted]) VALUES (73, 4, NULL, NULL, 7, 28, CAST(N'2022-01-16T00:00:00.000' AS DateTime), CAST(N'2022-01-16T00:00:00.000' AS DateTime), 0)
INSERT [dbo].[ClaimAction] ([Id], [ActionType], [Reason], [CreatebyEmployeeId], [CreatebyInsuranceAdminId], [ClaimId], [CreatedAt], [UpdatedAt], [IsDeleted]) VALUES (74, 7, NULL, NULL, 15, 28, CAST(N'2022-01-17T00:00:00.000' AS DateTime), CAST(N'2022-01-17T00:00:00.000' AS DateTime), 0)
INSERT [dbo].[ClaimAction] ([Id], [ActionType], [Reason], [CreatebyEmployeeId], [CreatebyInsuranceAdminId], [ClaimId], [CreatedAt], [UpdatedAt], [IsDeleted]) VALUES (75, 1, NULL, 5, NULL, 29, CAST(N'2022-02-18T00:00:00.000' AS DateTime), CAST(N'2022-03-06T01:44:53.373' AS DateTime), 0)
INSERT [dbo].[ClaimAction] ([Id], [ActionType], [Reason], [CreatebyEmployeeId], [CreatebyInsuranceAdminId], [ClaimId], [CreatedAt], [UpdatedAt], [IsDeleted]) VALUES (76, 4, NULL, NULL, 5, 29, CAST(N'2022-02-19T00:00:00.000' AS DateTime), CAST(N'2022-02-19T00:00:00.000' AS DateTime), 0)
INSERT [dbo].[ClaimAction] ([Id], [ActionType], [Reason], [CreatebyEmployeeId], [CreatebyInsuranceAdminId], [ClaimId], [CreatedAt], [UpdatedAt], [IsDeleted]) VALUES (77, 7, NULL, NULL, 13, 29, CAST(N'2022-02-20T00:00:00.000' AS DateTime), CAST(N'2022-02-20T00:00:00.000' AS DateTime), 0)
INSERT [dbo].[ClaimAction] ([Id], [ActionType], [Reason], [CreatebyEmployeeId], [CreatebyInsuranceAdminId], [ClaimId], [CreatedAt], [UpdatedAt], [IsDeleted]) VALUES (78, 1, NULL, 13, NULL, 30, CAST(N'2022-03-01T00:00:00.000' AS DateTime), CAST(N'2022-03-06T01:44:53.373' AS DateTime), 0)
INSERT [dbo].[ClaimAction] ([Id], [ActionType], [Reason], [CreatebyEmployeeId], [CreatebyInsuranceAdminId], [ClaimId], [CreatedAt], [UpdatedAt], [IsDeleted]) VALUES (79, 4, NULL, NULL, 1, 30, CAST(N'2022-03-02T00:00:00.000' AS DateTime), CAST(N'2022-03-02T00:00:00.000' AS DateTime), 0)
INSERT [dbo].[ClaimAction] ([Id], [ActionType], [Reason], [CreatebyEmployeeId], [CreatebyInsuranceAdminId], [ClaimId], [CreatedAt], [UpdatedAt], [IsDeleted]) VALUES (80, 7, NULL, NULL, 9, 30, CAST(N'2022-03-03T00:00:00.000' AS DateTime), CAST(N'2022-03-03T00:00:00.000' AS DateTime), 0)
INSERT [dbo].[ClaimAction] ([Id], [ActionType], [Reason], [CreatebyEmployeeId], [CreatebyInsuranceAdminId], [ClaimId], [CreatedAt], [UpdatedAt], [IsDeleted]) VALUES (81, 1, NULL, 7, NULL, 31, CAST(N'2021-11-29T00:00:00.000' AS DateTime), CAST(N'2022-03-06T01:44:53.377' AS DateTime), 0)
INSERT [dbo].[ClaimAction] ([Id], [ActionType], [Reason], [CreatebyEmployeeId], [CreatebyInsuranceAdminId], [ClaimId], [CreatedAt], [UpdatedAt], [IsDeleted]) VALUES (82, 4, NULL, NULL, 5, 31, CAST(N'2021-11-30T00:00:00.000' AS DateTime), CAST(N'2021-11-30T00:00:00.000' AS DateTime), 0)
INSERT [dbo].[ClaimAction] ([Id], [ActionType], [Reason], [CreatebyEmployeeId], [CreatebyInsuranceAdminId], [ClaimId], [CreatedAt], [UpdatedAt], [IsDeleted]) VALUES (83, 7, NULL, NULL, 13, 31, CAST(N'2021-12-01T00:00:00.000' AS DateTime), CAST(N'2021-12-01T00:00:00.000' AS DateTime), 0)
INSERT [dbo].[ClaimAction] ([Id], [ActionType], [Reason], [CreatebyEmployeeId], [CreatebyInsuranceAdminId], [ClaimId], [CreatedAt], [UpdatedAt], [IsDeleted]) VALUES (84, 1, NULL, 19, NULL, 32, CAST(N'2022-02-09T00:00:00.000' AS DateTime), CAST(N'2022-03-06T01:44:53.377' AS DateTime), 0)
INSERT [dbo].[ClaimAction] ([Id], [ActionType], [Reason], [CreatebyEmployeeId], [CreatebyInsuranceAdminId], [ClaimId], [CreatedAt], [UpdatedAt], [IsDeleted]) VALUES (85, 4, NULL, NULL, 7, 32, CAST(N'2022-02-10T00:00:00.000' AS DateTime), CAST(N'2022-02-10T00:00:00.000' AS DateTime), 0)
INSERT [dbo].[ClaimAction] ([Id], [ActionType], [Reason], [CreatebyEmployeeId], [CreatebyInsuranceAdminId], [ClaimId], [CreatedAt], [UpdatedAt], [IsDeleted]) VALUES (86, 7, NULL, NULL, 15, 32, CAST(N'2022-02-11T00:00:00.000' AS DateTime), CAST(N'2022-02-11T00:00:00.000' AS DateTime), 0)
INSERT [dbo].[ClaimAction] ([Id], [ActionType], [Reason], [CreatebyEmployeeId], [CreatebyInsuranceAdminId], [ClaimId], [CreatedAt], [UpdatedAt], [IsDeleted]) VALUES (87, 1, NULL, 9, NULL, 33, CAST(N'2022-01-12T00:00:00.000' AS DateTime), CAST(N'2022-03-06T01:44:53.380' AS DateTime), 0)
INSERT [dbo].[ClaimAction] ([Id], [ActionType], [Reason], [CreatebyEmployeeId], [CreatebyInsuranceAdminId], [ClaimId], [CreatedAt], [UpdatedAt], [IsDeleted]) VALUES (88, 4, NULL, NULL, 7, 33, CAST(N'2022-01-13T00:00:00.000' AS DateTime), CAST(N'2022-01-13T00:00:00.000' AS DateTime), 0)
INSERT [dbo].[ClaimAction] ([Id], [ActionType], [Reason], [CreatebyEmployeeId], [CreatebyInsuranceAdminId], [ClaimId], [CreatedAt], [UpdatedAt], [IsDeleted]) VALUES (89, 7, NULL, NULL, 15, 33, CAST(N'2022-01-14T00:00:00.000' AS DateTime), CAST(N'2022-01-14T00:00:00.000' AS DateTime), 0)
INSERT [dbo].[ClaimAction] ([Id], [ActionType], [Reason], [CreatebyEmployeeId], [CreatebyInsuranceAdminId], [ClaimId], [CreatedAt], [UpdatedAt], [IsDeleted]) VALUES (90, 1, NULL, 17, NULL, 34, CAST(N'2022-02-28T00:00:00.000' AS DateTime), CAST(N'2022-03-06T01:44:53.380' AS DateTime), 0)
INSERT [dbo].[ClaimAction] ([Id], [ActionType], [Reason], [CreatebyEmployeeId], [CreatebyInsuranceAdminId], [ClaimId], [CreatedAt], [UpdatedAt], [IsDeleted]) VALUES (91, 4, NULL, NULL, 8, 34, CAST(N'2022-03-01T00:00:00.000' AS DateTime), CAST(N'2022-03-01T00:00:00.000' AS DateTime), 0)
INSERT [dbo].[ClaimAction] ([Id], [ActionType], [Reason], [CreatebyEmployeeId], [CreatebyInsuranceAdminId], [ClaimId], [CreatedAt], [UpdatedAt], [IsDeleted]) VALUES (92, 7, NULL, NULL, 16, 34, CAST(N'2022-03-02T00:00:00.000' AS DateTime), CAST(N'2022-03-02T00:00:00.000' AS DateTime), 0)
INSERT [dbo].[ClaimAction] ([Id], [ActionType], [Reason], [CreatebyEmployeeId], [CreatebyInsuranceAdminId], [ClaimId], [CreatedAt], [UpdatedAt], [IsDeleted]) VALUES (93, 1, NULL, 3, NULL, 35, CAST(N'2022-01-20T00:00:00.000' AS DateTime), CAST(N'2022-03-06T01:44:53.380' AS DateTime), 0)
INSERT [dbo].[ClaimAction] ([Id], [ActionType], [Reason], [CreatebyEmployeeId], [CreatebyInsuranceAdminId], [ClaimId], [CreatedAt], [UpdatedAt], [IsDeleted]) VALUES (94, 4, NULL, NULL, 3, 35, CAST(N'2022-01-21T00:00:00.000' AS DateTime), CAST(N'2022-01-21T00:00:00.000' AS DateTime), 0)
INSERT [dbo].[ClaimAction] ([Id], [ActionType], [Reason], [CreatebyEmployeeId], [CreatebyInsuranceAdminId], [ClaimId], [CreatedAt], [UpdatedAt], [IsDeleted]) VALUES (95, 7, NULL, NULL, 11, 35, CAST(N'2022-01-22T00:00:00.000' AS DateTime), CAST(N'2022-01-22T00:00:00.000' AS DateTime), 0)
INSERT [dbo].[ClaimAction] ([Id], [ActionType], [Reason], [CreatebyEmployeeId], [CreatebyInsuranceAdminId], [ClaimId], [CreatedAt], [UpdatedAt], [IsDeleted]) VALUES (96, 1, NULL, 15, NULL, 36, CAST(N'2022-01-11T00:00:00.000' AS DateTime), CAST(N'2022-03-06T01:44:53.383' AS DateTime), 0)
INSERT [dbo].[ClaimAction] ([Id], [ActionType], [Reason], [CreatebyEmployeeId], [CreatebyInsuranceAdminId], [ClaimId], [CreatedAt], [UpdatedAt], [IsDeleted]) VALUES (97, 4, NULL, NULL, 8, 36, CAST(N'2022-01-12T00:00:00.000' AS DateTime), CAST(N'2022-01-12T00:00:00.000' AS DateTime), 0)
INSERT [dbo].[ClaimAction] ([Id], [ActionType], [Reason], [CreatebyEmployeeId], [CreatebyInsuranceAdminId], [ClaimId], [CreatedAt], [UpdatedAt], [IsDeleted]) VALUES (98, 7, NULL, NULL, 16, 36, CAST(N'2022-01-13T00:00:00.000' AS DateTime), CAST(N'2022-01-13T00:00:00.000' AS DateTime), 0)
INSERT [dbo].[ClaimAction] ([Id], [ActionType], [Reason], [CreatebyEmployeeId], [CreatebyInsuranceAdminId], [ClaimId], [CreatedAt], [UpdatedAt], [IsDeleted]) VALUES (99, 1, NULL, 2, NULL, 37, CAST(N'2021-12-31T00:00:00.000' AS DateTime), CAST(N'2022-03-06T01:44:53.383' AS DateTime), 0)
INSERT [dbo].[ClaimAction] ([Id], [ActionType], [Reason], [CreatebyEmployeeId], [CreatebyInsuranceAdminId], [ClaimId], [CreatedAt], [UpdatedAt], [IsDeleted]) VALUES (100, 4, NULL, NULL, 6, 37, CAST(N'2022-01-01T00:00:00.000' AS DateTime), CAST(N'2022-01-01T00:00:00.000' AS DateTime), 0)
INSERT [dbo].[ClaimAction] ([Id], [ActionType], [Reason], [CreatebyEmployeeId], [CreatebyInsuranceAdminId], [ClaimId], [CreatedAt], [UpdatedAt], [IsDeleted]) VALUES (101, 7, NULL, NULL, 14, 37, CAST(N'2022-01-02T00:00:00.000' AS DateTime), CAST(N'2022-01-02T00:00:00.000' AS DateTime), 0)
INSERT [dbo].[ClaimAction] ([Id], [ActionType], [Reason], [CreatebyEmployeeId], [CreatebyInsuranceAdminId], [ClaimId], [CreatedAt], [UpdatedAt], [IsDeleted]) VALUES (102, 1, NULL, 19, NULL, 38, CAST(N'2022-03-01T00:00:00.000' AS DateTime), CAST(N'2022-03-06T01:44:53.383' AS DateTime), 0)
GO
INSERT [dbo].[ClaimAction] ([Id], [ActionType], [Reason], [CreatebyEmployeeId], [CreatebyInsuranceAdminId], [ClaimId], [CreatedAt], [UpdatedAt], [IsDeleted]) VALUES (103, 4, NULL, NULL, 3, 38, CAST(N'2022-03-02T00:00:00.000' AS DateTime), CAST(N'2022-03-02T00:00:00.000' AS DateTime), 0)
INSERT [dbo].[ClaimAction] ([Id], [ActionType], [Reason], [CreatebyEmployeeId], [CreatebyInsuranceAdminId], [ClaimId], [CreatedAt], [UpdatedAt], [IsDeleted]) VALUES (104, 7, NULL, NULL, 11, 38, CAST(N'2022-03-03T00:00:00.000' AS DateTime), CAST(N'2022-03-03T00:00:00.000' AS DateTime), 0)
INSERT [dbo].[ClaimAction] ([Id], [ActionType], [Reason], [CreatebyEmployeeId], [CreatebyInsuranceAdminId], [ClaimId], [CreatedAt], [UpdatedAt], [IsDeleted]) VALUES (105, 1, NULL, 18, NULL, 39, CAST(N'2021-12-05T00:00:00.000' AS DateTime), CAST(N'2022-03-06T01:44:53.387' AS DateTime), 0)
INSERT [dbo].[ClaimAction] ([Id], [ActionType], [Reason], [CreatebyEmployeeId], [CreatebyInsuranceAdminId], [ClaimId], [CreatedAt], [UpdatedAt], [IsDeleted]) VALUES (106, 4, NULL, NULL, 7, 39, CAST(N'2021-12-06T00:00:00.000' AS DateTime), CAST(N'2021-12-06T00:00:00.000' AS DateTime), 0)
INSERT [dbo].[ClaimAction] ([Id], [ActionType], [Reason], [CreatebyEmployeeId], [CreatebyInsuranceAdminId], [ClaimId], [CreatedAt], [UpdatedAt], [IsDeleted]) VALUES (107, 7, NULL, NULL, 15, 39, CAST(N'2021-12-07T00:00:00.000' AS DateTime), CAST(N'2021-12-07T00:00:00.000' AS DateTime), 0)
INSERT [dbo].[ClaimAction] ([Id], [ActionType], [Reason], [CreatebyEmployeeId], [CreatebyInsuranceAdminId], [ClaimId], [CreatedAt], [UpdatedAt], [IsDeleted]) VALUES (108, 1, NULL, 1, NULL, 40, CAST(N'2022-02-05T00:00:00.000' AS DateTime), CAST(N'2022-03-06T01:44:53.387' AS DateTime), 0)
INSERT [dbo].[ClaimAction] ([Id], [ActionType], [Reason], [CreatebyEmployeeId], [CreatebyInsuranceAdminId], [ClaimId], [CreatedAt], [UpdatedAt], [IsDeleted]) VALUES (109, 4, NULL, NULL, 5, 40, CAST(N'2022-02-06T00:00:00.000' AS DateTime), CAST(N'2022-02-06T00:00:00.000' AS DateTime), 0)
INSERT [dbo].[ClaimAction] ([Id], [ActionType], [Reason], [CreatebyEmployeeId], [CreatebyInsuranceAdminId], [ClaimId], [CreatedAt], [UpdatedAt], [IsDeleted]) VALUES (110, 7, NULL, NULL, 13, 40, CAST(N'2022-02-07T00:00:00.000' AS DateTime), CAST(N'2022-02-07T00:00:00.000' AS DateTime), 0)
INSERT [dbo].[ClaimAction] ([Id], [ActionType], [Reason], [CreatebyEmployeeId], [CreatebyInsuranceAdminId], [ClaimId], [CreatedAt], [UpdatedAt], [IsDeleted]) VALUES (111, 1, NULL, 3, NULL, 41, CAST(N'2022-02-19T00:00:00.000' AS DateTime), CAST(N'2022-03-06T01:44:53.387' AS DateTime), 0)
INSERT [dbo].[ClaimAction] ([Id], [ActionType], [Reason], [CreatebyEmployeeId], [CreatebyInsuranceAdminId], [ClaimId], [CreatedAt], [UpdatedAt], [IsDeleted]) VALUES (112, 4, NULL, NULL, 8, 41, CAST(N'2022-02-20T00:00:00.000' AS DateTime), CAST(N'2022-02-20T00:00:00.000' AS DateTime), 0)
INSERT [dbo].[ClaimAction] ([Id], [ActionType], [Reason], [CreatebyEmployeeId], [CreatebyInsuranceAdminId], [ClaimId], [CreatedAt], [UpdatedAt], [IsDeleted]) VALUES (113, 7, NULL, NULL, 16, 41, CAST(N'2022-02-21T00:00:00.000' AS DateTime), CAST(N'2022-02-21T00:00:00.000' AS DateTime), 0)
INSERT [dbo].[ClaimAction] ([Id], [ActionType], [Reason], [CreatebyEmployeeId], [CreatebyInsuranceAdminId], [ClaimId], [CreatedAt], [UpdatedAt], [IsDeleted]) VALUES (114, 1, NULL, 8, NULL, 42, CAST(N'2022-01-11T00:00:00.000' AS DateTime), CAST(N'2022-03-06T01:44:53.390' AS DateTime), 0)
INSERT [dbo].[ClaimAction] ([Id], [ActionType], [Reason], [CreatebyEmployeeId], [CreatebyInsuranceAdminId], [ClaimId], [CreatedAt], [UpdatedAt], [IsDeleted]) VALUES (115, 4, NULL, NULL, 5, 42, CAST(N'2022-01-12T00:00:00.000' AS DateTime), CAST(N'2022-01-12T00:00:00.000' AS DateTime), 0)
INSERT [dbo].[ClaimAction] ([Id], [ActionType], [Reason], [CreatebyEmployeeId], [CreatebyInsuranceAdminId], [ClaimId], [CreatedAt], [UpdatedAt], [IsDeleted]) VALUES (116, 7, NULL, NULL, 13, 42, CAST(N'2022-01-13T00:00:00.000' AS DateTime), CAST(N'2022-01-13T00:00:00.000' AS DateTime), 0)
INSERT [dbo].[ClaimAction] ([Id], [ActionType], [Reason], [CreatebyEmployeeId], [CreatebyInsuranceAdminId], [ClaimId], [CreatedAt], [UpdatedAt], [IsDeleted]) VALUES (117, 1, NULL, 14, NULL, 43, CAST(N'2022-02-20T00:00:00.000' AS DateTime), CAST(N'2022-03-06T01:44:53.390' AS DateTime), 0)
INSERT [dbo].[ClaimAction] ([Id], [ActionType], [Reason], [CreatebyEmployeeId], [CreatebyInsuranceAdminId], [ClaimId], [CreatedAt], [UpdatedAt], [IsDeleted]) VALUES (118, 4, NULL, NULL, 1, 43, CAST(N'2022-02-21T00:00:00.000' AS DateTime), CAST(N'2022-02-21T00:00:00.000' AS DateTime), 0)
INSERT [dbo].[ClaimAction] ([Id], [ActionType], [Reason], [CreatebyEmployeeId], [CreatebyInsuranceAdminId], [ClaimId], [CreatedAt], [UpdatedAt], [IsDeleted]) VALUES (119, 7, NULL, NULL, 9, 43, CAST(N'2022-02-22T00:00:00.000' AS DateTime), CAST(N'2022-02-22T00:00:00.000' AS DateTime), 0)
INSERT [dbo].[ClaimAction] ([Id], [ActionType], [Reason], [CreatebyEmployeeId], [CreatebyInsuranceAdminId], [ClaimId], [CreatedAt], [UpdatedAt], [IsDeleted]) VALUES (120, 1, NULL, 7, NULL, 44, CAST(N'2022-02-19T00:00:00.000' AS DateTime), CAST(N'2022-03-06T01:44:53.390' AS DateTime), 0)
INSERT [dbo].[ClaimAction] ([Id], [ActionType], [Reason], [CreatebyEmployeeId], [CreatebyInsuranceAdminId], [ClaimId], [CreatedAt], [UpdatedAt], [IsDeleted]) VALUES (121, 4, NULL, NULL, 5, 44, CAST(N'2022-02-20T00:00:00.000' AS DateTime), CAST(N'2022-02-20T00:00:00.000' AS DateTime), 0)
INSERT [dbo].[ClaimAction] ([Id], [ActionType], [Reason], [CreatebyEmployeeId], [CreatebyInsuranceAdminId], [ClaimId], [CreatedAt], [UpdatedAt], [IsDeleted]) VALUES (122, 7, NULL, NULL, 13, 44, CAST(N'2022-02-21T00:00:00.000' AS DateTime), CAST(N'2022-02-21T00:00:00.000' AS DateTime), 0)
INSERT [dbo].[ClaimAction] ([Id], [ActionType], [Reason], [CreatebyEmployeeId], [CreatebyInsuranceAdminId], [ClaimId], [CreatedAt], [UpdatedAt], [IsDeleted]) VALUES (123, 1, NULL, 2, NULL, 45, CAST(N'2021-11-06T00:00:00.000' AS DateTime), CAST(N'2022-03-06T01:44:53.393' AS DateTime), 0)
INSERT [dbo].[ClaimAction] ([Id], [ActionType], [Reason], [CreatebyEmployeeId], [CreatebyInsuranceAdminId], [ClaimId], [CreatedAt], [UpdatedAt], [IsDeleted]) VALUES (124, 4, NULL, NULL, 2, 45, CAST(N'2021-11-07T00:00:00.000' AS DateTime), CAST(N'2021-11-07T00:00:00.000' AS DateTime), 0)
INSERT [dbo].[ClaimAction] ([Id], [ActionType], [Reason], [CreatebyEmployeeId], [CreatebyInsuranceAdminId], [ClaimId], [CreatedAt], [UpdatedAt], [IsDeleted]) VALUES (125, 7, NULL, NULL, 10, 45, CAST(N'2021-11-08T00:00:00.000' AS DateTime), CAST(N'2021-11-08T00:00:00.000' AS DateTime), 0)
INSERT [dbo].[ClaimAction] ([Id], [ActionType], [Reason], [CreatebyEmployeeId], [CreatebyInsuranceAdminId], [ClaimId], [CreatedAt], [UpdatedAt], [IsDeleted]) VALUES (126, 1, NULL, 9, NULL, 46, CAST(N'2022-01-30T00:00:00.000' AS DateTime), CAST(N'2022-03-06T01:44:53.397' AS DateTime), 0)
INSERT [dbo].[ClaimAction] ([Id], [ActionType], [Reason], [CreatebyEmployeeId], [CreatebyInsuranceAdminId], [ClaimId], [CreatedAt], [UpdatedAt], [IsDeleted]) VALUES (127, 4, NULL, NULL, 8, 46, CAST(N'2022-01-31T00:00:00.000' AS DateTime), CAST(N'2022-01-31T00:00:00.000' AS DateTime), 0)
INSERT [dbo].[ClaimAction] ([Id], [ActionType], [Reason], [CreatebyEmployeeId], [CreatebyInsuranceAdminId], [ClaimId], [CreatedAt], [UpdatedAt], [IsDeleted]) VALUES (128, 7, NULL, NULL, 16, 46, CAST(N'2022-02-01T00:00:00.000' AS DateTime), CAST(N'2022-02-01T00:00:00.000' AS DateTime), 0)
INSERT [dbo].[ClaimAction] ([Id], [ActionType], [Reason], [CreatebyEmployeeId], [CreatebyInsuranceAdminId], [ClaimId], [CreatedAt], [UpdatedAt], [IsDeleted]) VALUES (129, 1, NULL, 1, NULL, 47, CAST(N'2022-01-22T00:00:00.000' AS DateTime), CAST(N'2022-03-06T01:44:53.397' AS DateTime), 0)
INSERT [dbo].[ClaimAction] ([Id], [ActionType], [Reason], [CreatebyEmployeeId], [CreatebyInsuranceAdminId], [ClaimId], [CreatedAt], [UpdatedAt], [IsDeleted]) VALUES (130, 4, NULL, NULL, 7, 47, CAST(N'2022-01-23T00:00:00.000' AS DateTime), CAST(N'2022-01-23T00:00:00.000' AS DateTime), 0)
INSERT [dbo].[ClaimAction] ([Id], [ActionType], [Reason], [CreatebyEmployeeId], [CreatebyInsuranceAdminId], [ClaimId], [CreatedAt], [UpdatedAt], [IsDeleted]) VALUES (131, 7, NULL, NULL, 15, 47, CAST(N'2022-01-24T00:00:00.000' AS DateTime), CAST(N'2022-01-24T00:00:00.000' AS DateTime), 0)
INSERT [dbo].[ClaimAction] ([Id], [ActionType], [Reason], [CreatebyEmployeeId], [CreatebyInsuranceAdminId], [ClaimId], [CreatedAt], [UpdatedAt], [IsDeleted]) VALUES (132, 1, NULL, 10, NULL, 48, CAST(N'2022-02-02T00:00:00.000' AS DateTime), CAST(N'2022-03-06T01:44:53.397' AS DateTime), 0)
INSERT [dbo].[ClaimAction] ([Id], [ActionType], [Reason], [CreatebyEmployeeId], [CreatebyInsuranceAdminId], [ClaimId], [CreatedAt], [UpdatedAt], [IsDeleted]) VALUES (133, 4, NULL, NULL, 8, 48, CAST(N'2022-02-03T00:00:00.000' AS DateTime), CAST(N'2022-02-03T00:00:00.000' AS DateTime), 0)
INSERT [dbo].[ClaimAction] ([Id], [ActionType], [Reason], [CreatebyEmployeeId], [CreatebyInsuranceAdminId], [ClaimId], [CreatedAt], [UpdatedAt], [IsDeleted]) VALUES (134, 7, NULL, NULL, 16, 48, CAST(N'2022-02-04T00:00:00.000' AS DateTime), CAST(N'2022-02-04T00:00:00.000' AS DateTime), 0)
INSERT [dbo].[ClaimAction] ([Id], [ActionType], [Reason], [CreatebyEmployeeId], [CreatebyInsuranceAdminId], [ClaimId], [CreatedAt], [UpdatedAt], [IsDeleted]) VALUES (135, 1, NULL, 10, NULL, 49, CAST(N'2021-12-10T00:00:00.000' AS DateTime), CAST(N'2022-03-06T01:44:53.400' AS DateTime), 0)
INSERT [dbo].[ClaimAction] ([Id], [ActionType], [Reason], [CreatebyEmployeeId], [CreatebyInsuranceAdminId], [ClaimId], [CreatedAt], [UpdatedAt], [IsDeleted]) VALUES (136, 4, NULL, NULL, 6, 49, CAST(N'2021-12-11T00:00:00.000' AS DateTime), CAST(N'2021-12-11T00:00:00.000' AS DateTime), 0)
INSERT [dbo].[ClaimAction] ([Id], [ActionType], [Reason], [CreatebyEmployeeId], [CreatebyInsuranceAdminId], [ClaimId], [CreatedAt], [UpdatedAt], [IsDeleted]) VALUES (137, 7, NULL, NULL, 14, 49, CAST(N'2021-12-12T00:00:00.000' AS DateTime), CAST(N'2021-12-12T00:00:00.000' AS DateTime), 0)
INSERT [dbo].[ClaimAction] ([Id], [ActionType], [Reason], [CreatebyEmployeeId], [CreatebyInsuranceAdminId], [ClaimId], [CreatedAt], [UpdatedAt], [IsDeleted]) VALUES (138, 1, NULL, 19, NULL, 50, CAST(N'2022-02-06T00:00:00.000' AS DateTime), CAST(N'2022-03-06T01:44:53.400' AS DateTime), 0)
INSERT [dbo].[ClaimAction] ([Id], [ActionType], [Reason], [CreatebyEmployeeId], [CreatebyInsuranceAdminId], [ClaimId], [CreatedAt], [UpdatedAt], [IsDeleted]) VALUES (139, 4, NULL, NULL, 7, 50, CAST(N'2022-02-07T00:00:00.000' AS DateTime), CAST(N'2022-02-07T00:00:00.000' AS DateTime), 0)
INSERT [dbo].[ClaimAction] ([Id], [ActionType], [Reason], [CreatebyEmployeeId], [CreatebyInsuranceAdminId], [ClaimId], [CreatedAt], [UpdatedAt], [IsDeleted]) VALUES (140, 7, NULL, NULL, 15, 50, CAST(N'2022-02-08T00:00:00.000' AS DateTime), CAST(N'2022-02-08T00:00:00.000' AS DateTime), 0)
INSERT [dbo].[ClaimAction] ([Id], [ActionType], [Reason], [CreatebyEmployeeId], [CreatebyInsuranceAdminId], [ClaimId], [CreatedAt], [UpdatedAt], [IsDeleted]) VALUES (141, 1, NULL, 3, NULL, 51, CAST(N'2022-01-25T00:00:00.000' AS DateTime), CAST(N'2022-03-06T01:44:53.400' AS DateTime), 0)
INSERT [dbo].[ClaimAction] ([Id], [ActionType], [Reason], [CreatebyEmployeeId], [CreatebyInsuranceAdminId], [ClaimId], [CreatedAt], [UpdatedAt], [IsDeleted]) VALUES (142, 4, NULL, NULL, 7, 51, CAST(N'2022-01-26T00:00:00.000' AS DateTime), CAST(N'2022-01-26T00:00:00.000' AS DateTime), 0)
INSERT [dbo].[ClaimAction] ([Id], [ActionType], [Reason], [CreatebyEmployeeId], [CreatebyInsuranceAdminId], [ClaimId], [CreatedAt], [UpdatedAt], [IsDeleted]) VALUES (143, 7, NULL, NULL, 15, 51, CAST(N'2022-01-27T00:00:00.000' AS DateTime), CAST(N'2022-01-27T00:00:00.000' AS DateTime), 0)
INSERT [dbo].[ClaimAction] ([Id], [ActionType], [Reason], [CreatebyEmployeeId], [CreatebyInsuranceAdminId], [ClaimId], [CreatedAt], [UpdatedAt], [IsDeleted]) VALUES (144, 1, NULL, 13, NULL, 52, CAST(N'2022-02-27T00:00:00.000' AS DateTime), CAST(N'2022-03-06T01:44:53.400' AS DateTime), 0)
INSERT [dbo].[ClaimAction] ([Id], [ActionType], [Reason], [CreatebyEmployeeId], [CreatebyInsuranceAdminId], [ClaimId], [CreatedAt], [UpdatedAt], [IsDeleted]) VALUES (145, 4, NULL, NULL, 5, 52, CAST(N'2022-02-28T00:00:00.000' AS DateTime), CAST(N'2022-02-28T00:00:00.000' AS DateTime), 0)
INSERT [dbo].[ClaimAction] ([Id], [ActionType], [Reason], [CreatebyEmployeeId], [CreatebyInsuranceAdminId], [ClaimId], [CreatedAt], [UpdatedAt], [IsDeleted]) VALUES (146, 7, NULL, NULL, 13, 52, CAST(N'2022-03-01T00:00:00.000' AS DateTime), CAST(N'2022-03-01T00:00:00.000' AS DateTime), 0)
INSERT [dbo].[ClaimAction] ([Id], [ActionType], [Reason], [CreatebyEmployeeId], [CreatebyInsuranceAdminId], [ClaimId], [CreatedAt], [UpdatedAt], [IsDeleted]) VALUES (147, 1, NULL, 15, NULL, 53, CAST(N'2022-02-01T00:00:00.000' AS DateTime), CAST(N'2022-03-06T01:44:53.403' AS DateTime), 0)
INSERT [dbo].[ClaimAction] ([Id], [ActionType], [Reason], [CreatebyEmployeeId], [CreatebyInsuranceAdminId], [ClaimId], [CreatedAt], [UpdatedAt], [IsDeleted]) VALUES (148, 4, NULL, NULL, 4, 53, CAST(N'2022-02-02T00:00:00.000' AS DateTime), CAST(N'2022-02-02T00:00:00.000' AS DateTime), 0)
INSERT [dbo].[ClaimAction] ([Id], [ActionType], [Reason], [CreatebyEmployeeId], [CreatebyInsuranceAdminId], [ClaimId], [CreatedAt], [UpdatedAt], [IsDeleted]) VALUES (149, 7, NULL, NULL, 12, 53, CAST(N'2022-02-03T00:00:00.000' AS DateTime), CAST(N'2022-02-03T00:00:00.000' AS DateTime), 0)
INSERT [dbo].[ClaimAction] ([Id], [ActionType], [Reason], [CreatebyEmployeeId], [CreatebyInsuranceAdminId], [ClaimId], [CreatedAt], [UpdatedAt], [IsDeleted]) VALUES (150, 1, NULL, 18, NULL, 54, CAST(N'2022-01-28T00:00:00.000' AS DateTime), CAST(N'2022-03-06T01:44:53.403' AS DateTime), 0)
INSERT [dbo].[ClaimAction] ([Id], [ActionType], [Reason], [CreatebyEmployeeId], [CreatebyInsuranceAdminId], [ClaimId], [CreatedAt], [UpdatedAt], [IsDeleted]) VALUES (151, 4, NULL, NULL, 7, 54, CAST(N'2022-01-29T00:00:00.000' AS DateTime), CAST(N'2022-01-29T00:00:00.000' AS DateTime), 0)
INSERT [dbo].[ClaimAction] ([Id], [ActionType], [Reason], [CreatebyEmployeeId], [CreatebyInsuranceAdminId], [ClaimId], [CreatedAt], [UpdatedAt], [IsDeleted]) VALUES (152, 7, NULL, NULL, 15, 54, CAST(N'2022-01-30T00:00:00.000' AS DateTime), CAST(N'2022-01-30T00:00:00.000' AS DateTime), 0)
INSERT [dbo].[ClaimAction] ([Id], [ActionType], [Reason], [CreatebyEmployeeId], [CreatebyInsuranceAdminId], [ClaimId], [CreatedAt], [UpdatedAt], [IsDeleted]) VALUES (153, 1, NULL, 16, NULL, 55, CAST(N'2022-01-16T00:00:00.000' AS DateTime), CAST(N'2022-03-06T01:44:53.407' AS DateTime), 0)
INSERT [dbo].[ClaimAction] ([Id], [ActionType], [Reason], [CreatebyEmployeeId], [CreatebyInsuranceAdminId], [ClaimId], [CreatedAt], [UpdatedAt], [IsDeleted]) VALUES (154, 4, NULL, NULL, 5, 55, CAST(N'2022-01-17T00:00:00.000' AS DateTime), CAST(N'2022-01-17T00:00:00.000' AS DateTime), 0)
INSERT [dbo].[ClaimAction] ([Id], [ActionType], [Reason], [CreatebyEmployeeId], [CreatebyInsuranceAdminId], [ClaimId], [CreatedAt], [UpdatedAt], [IsDeleted]) VALUES (155, 7, NULL, NULL, 13, 55, CAST(N'2022-01-18T00:00:00.000' AS DateTime), CAST(N'2022-01-18T00:00:00.000' AS DateTime), 0)
INSERT [dbo].[ClaimAction] ([Id], [ActionType], [Reason], [CreatebyEmployeeId], [CreatebyInsuranceAdminId], [ClaimId], [CreatedAt], [UpdatedAt], [IsDeleted]) VALUES (156, 1, NULL, 12, NULL, 56, CAST(N'2022-01-07T00:00:00.000' AS DateTime), CAST(N'2022-03-06T01:44:53.407' AS DateTime), 0)
INSERT [dbo].[ClaimAction] ([Id], [ActionType], [Reason], [CreatebyEmployeeId], [CreatebyInsuranceAdminId], [ClaimId], [CreatedAt], [UpdatedAt], [IsDeleted]) VALUES (157, 4, NULL, NULL, 1, 56, CAST(N'2022-01-08T00:00:00.000' AS DateTime), CAST(N'2022-01-08T00:00:00.000' AS DateTime), 0)
INSERT [dbo].[ClaimAction] ([Id], [ActionType], [Reason], [CreatebyEmployeeId], [CreatebyInsuranceAdminId], [ClaimId], [CreatedAt], [UpdatedAt], [IsDeleted]) VALUES (158, 7, NULL, NULL, 9, 56, CAST(N'2022-01-09T00:00:00.000' AS DateTime), CAST(N'2022-01-09T00:00:00.000' AS DateTime), 0)
INSERT [dbo].[ClaimAction] ([Id], [ActionType], [Reason], [CreatebyEmployeeId], [CreatebyInsuranceAdminId], [ClaimId], [CreatedAt], [UpdatedAt], [IsDeleted]) VALUES (159, 1, NULL, 13, NULL, 57, CAST(N'2021-10-25T00:00:00.000' AS DateTime), CAST(N'2022-03-06T01:44:53.407' AS DateTime), 0)
INSERT [dbo].[ClaimAction] ([Id], [ActionType], [Reason], [CreatebyEmployeeId], [CreatebyInsuranceAdminId], [ClaimId], [CreatedAt], [UpdatedAt], [IsDeleted]) VALUES (160, 4, NULL, NULL, 6, 57, CAST(N'2021-10-26T00:00:00.000' AS DateTime), CAST(N'2021-10-26T00:00:00.000' AS DateTime), 0)
INSERT [dbo].[ClaimAction] ([Id], [ActionType], [Reason], [CreatebyEmployeeId], [CreatebyInsuranceAdminId], [ClaimId], [CreatedAt], [UpdatedAt], [IsDeleted]) VALUES (161, 7, NULL, NULL, 14, 57, CAST(N'2021-10-27T00:00:00.000' AS DateTime), CAST(N'2021-10-27T00:00:00.000' AS DateTime), 0)
INSERT [dbo].[ClaimAction] ([Id], [ActionType], [Reason], [CreatebyEmployeeId], [CreatebyInsuranceAdminId], [ClaimId], [CreatedAt], [UpdatedAt], [IsDeleted]) VALUES (162, 1, NULL, 19, NULL, 58, CAST(N'2022-01-25T00:00:00.000' AS DateTime), CAST(N'2022-03-06T01:44:53.410' AS DateTime), 0)
INSERT [dbo].[ClaimAction] ([Id], [ActionType], [Reason], [CreatebyEmployeeId], [CreatebyInsuranceAdminId], [ClaimId], [CreatedAt], [UpdatedAt], [IsDeleted]) VALUES (163, 4, NULL, NULL, 3, 58, CAST(N'2022-01-26T00:00:00.000' AS DateTime), CAST(N'2022-01-26T00:00:00.000' AS DateTime), 0)
INSERT [dbo].[ClaimAction] ([Id], [ActionType], [Reason], [CreatebyEmployeeId], [CreatebyInsuranceAdminId], [ClaimId], [CreatedAt], [UpdatedAt], [IsDeleted]) VALUES (164, 7, NULL, NULL, 11, 58, CAST(N'2022-01-27T00:00:00.000' AS DateTime), CAST(N'2022-01-27T00:00:00.000' AS DateTime), 0)
INSERT [dbo].[ClaimAction] ([Id], [ActionType], [Reason], [CreatebyEmployeeId], [CreatebyInsuranceAdminId], [ClaimId], [CreatedAt], [UpdatedAt], [IsDeleted]) VALUES (165, 1, NULL, 1, NULL, 59, CAST(N'2022-02-26T00:00:00.000' AS DateTime), CAST(N'2022-03-06T01:44:53.410' AS DateTime), 0)
INSERT [dbo].[ClaimAction] ([Id], [ActionType], [Reason], [CreatebyEmployeeId], [CreatebyInsuranceAdminId], [ClaimId], [CreatedAt], [UpdatedAt], [IsDeleted]) VALUES (166, 4, NULL, NULL, 5, 59, CAST(N'2022-02-27T00:00:00.000' AS DateTime), CAST(N'2022-02-27T00:00:00.000' AS DateTime), 0)
INSERT [dbo].[ClaimAction] ([Id], [ActionType], [Reason], [CreatebyEmployeeId], [CreatebyInsuranceAdminId], [ClaimId], [CreatedAt], [UpdatedAt], [IsDeleted]) VALUES (167, 7, NULL, NULL, 13, 59, CAST(N'2022-02-28T00:00:00.000' AS DateTime), CAST(N'2022-02-28T00:00:00.000' AS DateTime), 0)
INSERT [dbo].[ClaimAction] ([Id], [ActionType], [Reason], [CreatebyEmployeeId], [CreatebyInsuranceAdminId], [ClaimId], [CreatedAt], [UpdatedAt], [IsDeleted]) VALUES (168, 1, NULL, 3, NULL, 60, CAST(N'2021-12-29T00:00:00.000' AS DateTime), CAST(N'2022-03-06T01:44:53.410' AS DateTime), 0)
INSERT [dbo].[ClaimAction] ([Id], [ActionType], [Reason], [CreatebyEmployeeId], [CreatebyInsuranceAdminId], [ClaimId], [CreatedAt], [UpdatedAt], [IsDeleted]) VALUES (169, 4, NULL, NULL, 8, 60, CAST(N'2021-12-30T00:00:00.000' AS DateTime), CAST(N'2021-12-30T00:00:00.000' AS DateTime), 0)
INSERT [dbo].[ClaimAction] ([Id], [ActionType], [Reason], [CreatebyEmployeeId], [CreatebyInsuranceAdminId], [ClaimId], [CreatedAt], [UpdatedAt], [IsDeleted]) VALUES (170, 7, NULL, NULL, 16, 60, CAST(N'2021-12-31T00:00:00.000' AS DateTime), CAST(N'2021-12-31T00:00:00.000' AS DateTime), 0)
INSERT [dbo].[ClaimAction] ([Id], [ActionType], [Reason], [CreatebyEmployeeId], [CreatebyInsuranceAdminId], [ClaimId], [CreatedAt], [UpdatedAt], [IsDeleted]) VALUES (171, 1, NULL, 11, NULL, 61, CAST(N'2021-11-11T00:00:00.000' AS DateTime), CAST(N'2022-03-06T01:44:53.410' AS DateTime), 0)
INSERT [dbo].[ClaimAction] ([Id], [ActionType], [Reason], [CreatebyEmployeeId], [CreatebyInsuranceAdminId], [ClaimId], [CreatedAt], [UpdatedAt], [IsDeleted]) VALUES (172, 4, NULL, NULL, 3, 61, CAST(N'2021-11-12T00:00:00.000' AS DateTime), CAST(N'2021-11-12T00:00:00.000' AS DateTime), 0)
INSERT [dbo].[ClaimAction] ([Id], [ActionType], [Reason], [CreatebyEmployeeId], [CreatebyInsuranceAdminId], [ClaimId], [CreatedAt], [UpdatedAt], [IsDeleted]) VALUES (173, 7, NULL, NULL, 11, 61, CAST(N'2021-11-13T00:00:00.000' AS DateTime), CAST(N'2021-11-13T00:00:00.000' AS DateTime), 0)
INSERT [dbo].[ClaimAction] ([Id], [ActionType], [Reason], [CreatebyEmployeeId], [CreatebyInsuranceAdminId], [ClaimId], [CreatedAt], [UpdatedAt], [IsDeleted]) VALUES (174, 1, NULL, 8, NULL, 62, CAST(N'2022-01-20T00:00:00.000' AS DateTime), CAST(N'2022-03-06T01:44:53.413' AS DateTime), 0)
INSERT [dbo].[ClaimAction] ([Id], [ActionType], [Reason], [CreatebyEmployeeId], [CreatebyInsuranceAdminId], [ClaimId], [CreatedAt], [UpdatedAt], [IsDeleted]) VALUES (175, 4, NULL, NULL, 1, 62, CAST(N'2022-01-21T00:00:00.000' AS DateTime), CAST(N'2022-01-21T00:00:00.000' AS DateTime), 0)
INSERT [dbo].[ClaimAction] ([Id], [ActionType], [Reason], [CreatebyEmployeeId], [CreatebyInsuranceAdminId], [ClaimId], [CreatedAt], [UpdatedAt], [IsDeleted]) VALUES (176, 7, NULL, NULL, 9, 62, CAST(N'2022-01-22T00:00:00.000' AS DateTime), CAST(N'2022-01-22T00:00:00.000' AS DateTime), 0)
INSERT [dbo].[ClaimAction] ([Id], [ActionType], [Reason], [CreatebyEmployeeId], [CreatebyInsuranceAdminId], [ClaimId], [CreatedAt], [UpdatedAt], [IsDeleted]) VALUES (177, 1, NULL, 10, NULL, 63, CAST(N'2021-12-09T00:00:00.000' AS DateTime), CAST(N'2022-03-06T01:44:53.413' AS DateTime), 0)
INSERT [dbo].[ClaimAction] ([Id], [ActionType], [Reason], [CreatebyEmployeeId], [CreatebyInsuranceAdminId], [ClaimId], [CreatedAt], [UpdatedAt], [IsDeleted]) VALUES (178, 4, NULL, NULL, 8, 63, CAST(N'2021-12-10T00:00:00.000' AS DateTime), CAST(N'2021-12-10T00:00:00.000' AS DateTime), 0)
INSERT [dbo].[ClaimAction] ([Id], [ActionType], [Reason], [CreatebyEmployeeId], [CreatebyInsuranceAdminId], [ClaimId], [CreatedAt], [UpdatedAt], [IsDeleted]) VALUES (179, 7, NULL, NULL, 16, 63, CAST(N'2021-12-11T00:00:00.000' AS DateTime), CAST(N'2021-12-11T00:00:00.000' AS DateTime), 0)
INSERT [dbo].[ClaimAction] ([Id], [ActionType], [Reason], [CreatebyEmployeeId], [CreatebyInsuranceAdminId], [ClaimId], [CreatedAt], [UpdatedAt], [IsDeleted]) VALUES (180, 1, NULL, 11, NULL, 64, CAST(N'2022-02-10T00:00:00.000' AS DateTime), CAST(N'2022-03-06T01:44:53.413' AS DateTime), 0)
INSERT [dbo].[ClaimAction] ([Id], [ActionType], [Reason], [CreatebyEmployeeId], [CreatebyInsuranceAdminId], [ClaimId], [CreatedAt], [UpdatedAt], [IsDeleted]) VALUES (181, 4, NULL, NULL, 8, 64, CAST(N'2022-02-11T00:00:00.000' AS DateTime), CAST(N'2022-02-11T00:00:00.000' AS DateTime), 0)
INSERT [dbo].[ClaimAction] ([Id], [ActionType], [Reason], [CreatebyEmployeeId], [CreatebyInsuranceAdminId], [ClaimId], [CreatedAt], [UpdatedAt], [IsDeleted]) VALUES (182, 7, NULL, NULL, 16, 64, CAST(N'2022-02-12T00:00:00.000' AS DateTime), CAST(N'2022-02-12T00:00:00.000' AS DateTime), 0)
INSERT [dbo].[ClaimAction] ([Id], [ActionType], [Reason], [CreatebyEmployeeId], [CreatebyInsuranceAdminId], [ClaimId], [CreatedAt], [UpdatedAt], [IsDeleted]) VALUES (183, 1, NULL, 11, NULL, 65, CAST(N'2021-11-02T00:00:00.000' AS DateTime), CAST(N'2022-03-06T01:44:53.417' AS DateTime), 0)
INSERT [dbo].[ClaimAction] ([Id], [ActionType], [Reason], [CreatebyEmployeeId], [CreatebyInsuranceAdminId], [ClaimId], [CreatedAt], [UpdatedAt], [IsDeleted]) VALUES (184, 4, NULL, NULL, 3, 65, CAST(N'2021-11-03T00:00:00.000' AS DateTime), CAST(N'2021-11-03T00:00:00.000' AS DateTime), 0)
INSERT [dbo].[ClaimAction] ([Id], [ActionType], [Reason], [CreatebyEmployeeId], [CreatebyInsuranceAdminId], [ClaimId], [CreatedAt], [UpdatedAt], [IsDeleted]) VALUES (185, 7, NULL, NULL, 11, 65, CAST(N'2021-11-04T00:00:00.000' AS DateTime), CAST(N'2021-11-04T00:00:00.000' AS DateTime), 0)
INSERT [dbo].[ClaimAction] ([Id], [ActionType], [Reason], [CreatebyEmployeeId], [CreatebyInsuranceAdminId], [ClaimId], [CreatedAt], [UpdatedAt], [IsDeleted]) VALUES (186, 1, NULL, 13, NULL, 66, CAST(N'2021-10-16T00:00:00.000' AS DateTime), CAST(N'2022-03-06T01:44:53.417' AS DateTime), 0)
INSERT [dbo].[ClaimAction] ([Id], [ActionType], [Reason], [CreatebyEmployeeId], [CreatebyInsuranceAdminId], [ClaimId], [CreatedAt], [UpdatedAt], [IsDeleted]) VALUES (187, 4, NULL, NULL, 6, 66, CAST(N'2021-10-17T00:00:00.000' AS DateTime), CAST(N'2021-10-17T00:00:00.000' AS DateTime), 0)
INSERT [dbo].[ClaimAction] ([Id], [ActionType], [Reason], [CreatebyEmployeeId], [CreatebyInsuranceAdminId], [ClaimId], [CreatedAt], [UpdatedAt], [IsDeleted]) VALUES (188, 7, NULL, NULL, 14, 66, CAST(N'2021-10-18T00:00:00.000' AS DateTime), CAST(N'2021-10-18T00:00:00.000' AS DateTime), 0)
INSERT [dbo].[ClaimAction] ([Id], [ActionType], [Reason], [CreatebyEmployeeId], [CreatebyInsuranceAdminId], [ClaimId], [CreatedAt], [UpdatedAt], [IsDeleted]) VALUES (189, 1, NULL, 17, NULL, 67, CAST(N'2022-02-28T00:00:00.000' AS DateTime), CAST(N'2022-03-06T01:44:53.420' AS DateTime), 0)
INSERT [dbo].[ClaimAction] ([Id], [ActionType], [Reason], [CreatebyEmployeeId], [CreatebyInsuranceAdminId], [ClaimId], [CreatedAt], [UpdatedAt], [IsDeleted]) VALUES (190, 4, NULL, NULL, 2, 67, CAST(N'2022-03-01T00:00:00.000' AS DateTime), CAST(N'2022-03-01T00:00:00.000' AS DateTime), 0)
INSERT [dbo].[ClaimAction] ([Id], [ActionType], [Reason], [CreatebyEmployeeId], [CreatebyInsuranceAdminId], [ClaimId], [CreatedAt], [UpdatedAt], [IsDeleted]) VALUES (191, 7, NULL, NULL, 10, 67, CAST(N'2022-03-02T00:00:00.000' AS DateTime), CAST(N'2022-03-02T00:00:00.000' AS DateTime), 0)
INSERT [dbo].[ClaimAction] ([Id], [ActionType], [Reason], [CreatebyEmployeeId], [CreatebyInsuranceAdminId], [ClaimId], [CreatedAt], [UpdatedAt], [IsDeleted]) VALUES (192, 1, NULL, 10, NULL, 68, CAST(N'2022-01-22T00:00:00.000' AS DateTime), CAST(N'2022-03-06T01:44:53.420' AS DateTime), 0)
INSERT [dbo].[ClaimAction] ([Id], [ActionType], [Reason], [CreatebyEmployeeId], [CreatebyInsuranceAdminId], [ClaimId], [CreatedAt], [UpdatedAt], [IsDeleted]) VALUES (193, 4, NULL, NULL, 1, 68, CAST(N'2022-01-23T00:00:00.000' AS DateTime), CAST(N'2022-01-23T00:00:00.000' AS DateTime), 0)
INSERT [dbo].[ClaimAction] ([Id], [ActionType], [Reason], [CreatebyEmployeeId], [CreatebyInsuranceAdminId], [ClaimId], [CreatedAt], [UpdatedAt], [IsDeleted]) VALUES (194, 7, NULL, NULL, 9, 68, CAST(N'2022-01-24T00:00:00.000' AS DateTime), CAST(N'2022-01-24T00:00:00.000' AS DateTime), 0)
INSERT [dbo].[ClaimAction] ([Id], [ActionType], [Reason], [CreatebyEmployeeId], [CreatebyInsuranceAdminId], [ClaimId], [CreatedAt], [UpdatedAt], [IsDeleted]) VALUES (195, 1, NULL, 16, NULL, 69, CAST(N'2021-12-03T00:00:00.000' AS DateTime), CAST(N'2022-03-06T01:44:53.420' AS DateTime), 0)
INSERT [dbo].[ClaimAction] ([Id], [ActionType], [Reason], [CreatebyEmployeeId], [CreatebyInsuranceAdminId], [ClaimId], [CreatedAt], [UpdatedAt], [IsDeleted]) VALUES (196, 4, NULL, NULL, 5, 69, CAST(N'2021-12-04T00:00:00.000' AS DateTime), CAST(N'2021-12-04T00:00:00.000' AS DateTime), 0)
INSERT [dbo].[ClaimAction] ([Id], [ActionType], [Reason], [CreatebyEmployeeId], [CreatebyInsuranceAdminId], [ClaimId], [CreatedAt], [UpdatedAt], [IsDeleted]) VALUES (197, 7, NULL, NULL, 13, 69, CAST(N'2021-12-05T00:00:00.000' AS DateTime), CAST(N'2021-12-05T00:00:00.000' AS DateTime), 0)
INSERT [dbo].[ClaimAction] ([Id], [ActionType], [Reason], [CreatebyEmployeeId], [CreatebyInsuranceAdminId], [ClaimId], [CreatedAt], [UpdatedAt], [IsDeleted]) VALUES (198, 1, NULL, 17, NULL, 70, CAST(N'2021-12-29T00:00:00.000' AS DateTime), CAST(N'2022-03-06T01:44:53.420' AS DateTime), 0)
INSERT [dbo].[ClaimAction] ([Id], [ActionType], [Reason], [CreatebyEmployeeId], [CreatebyInsuranceAdminId], [ClaimId], [CreatedAt], [UpdatedAt], [IsDeleted]) VALUES (199, 4, NULL, NULL, 2, 70, CAST(N'2021-12-30T00:00:00.000' AS DateTime), CAST(N'2021-12-30T00:00:00.000' AS DateTime), 0)
INSERT [dbo].[ClaimAction] ([Id], [ActionType], [Reason], [CreatebyEmployeeId], [CreatebyInsuranceAdminId], [ClaimId], [CreatedAt], [UpdatedAt], [IsDeleted]) VALUES (200, 7, NULL, NULL, 10, 70, CAST(N'2021-12-31T00:00:00.000' AS DateTime), CAST(N'2021-12-31T00:00:00.000' AS DateTime), 0)
INSERT [dbo].[ClaimAction] ([Id], [ActionType], [Reason], [CreatebyEmployeeId], [CreatebyInsuranceAdminId], [ClaimId], [CreatedAt], [UpdatedAt], [IsDeleted]) VALUES (201, 1, NULL, 14, NULL, 71, CAST(N'2022-02-02T00:00:00.000' AS DateTime), CAST(N'2022-03-06T01:44:53.423' AS DateTime), 0)
INSERT [dbo].[ClaimAction] ([Id], [ActionType], [Reason], [CreatebyEmployeeId], [CreatebyInsuranceAdminId], [ClaimId], [CreatedAt], [UpdatedAt], [IsDeleted]) VALUES (202, 4, NULL, NULL, 1, 71, CAST(N'2022-02-03T00:00:00.000' AS DateTime), CAST(N'2022-02-03T00:00:00.000' AS DateTime), 0)
GO
INSERT [dbo].[ClaimAction] ([Id], [ActionType], [Reason], [CreatebyEmployeeId], [CreatebyInsuranceAdminId], [ClaimId], [CreatedAt], [UpdatedAt], [IsDeleted]) VALUES (203, 7, NULL, NULL, 9, 71, CAST(N'2022-02-04T00:00:00.000' AS DateTime), CAST(N'2022-02-04T00:00:00.000' AS DateTime), 0)
INSERT [dbo].[ClaimAction] ([Id], [ActionType], [Reason], [CreatebyEmployeeId], [CreatebyInsuranceAdminId], [ClaimId], [CreatedAt], [UpdatedAt], [IsDeleted]) VALUES (204, 1, NULL, 13, NULL, 72, CAST(N'2022-01-12T00:00:00.000' AS DateTime), CAST(N'2022-03-06T01:44:53.423' AS DateTime), 0)
INSERT [dbo].[ClaimAction] ([Id], [ActionType], [Reason], [CreatebyEmployeeId], [CreatebyInsuranceAdminId], [ClaimId], [CreatedAt], [UpdatedAt], [IsDeleted]) VALUES (205, 4, NULL, NULL, 1, 72, CAST(N'2022-01-13T00:00:00.000' AS DateTime), CAST(N'2022-01-13T00:00:00.000' AS DateTime), 0)
INSERT [dbo].[ClaimAction] ([Id], [ActionType], [Reason], [CreatebyEmployeeId], [CreatebyInsuranceAdminId], [ClaimId], [CreatedAt], [UpdatedAt], [IsDeleted]) VALUES (206, 7, NULL, NULL, 9, 72, CAST(N'2022-01-14T00:00:00.000' AS DateTime), CAST(N'2022-01-14T00:00:00.000' AS DateTime), 0)
INSERT [dbo].[ClaimAction] ([Id], [ActionType], [Reason], [CreatebyEmployeeId], [CreatebyInsuranceAdminId], [ClaimId], [CreatedAt], [UpdatedAt], [IsDeleted]) VALUES (207, 1, NULL, 6, NULL, 73, CAST(N'2022-01-27T00:00:00.000' AS DateTime), CAST(N'2022-03-06T01:44:53.423' AS DateTime), 0)
INSERT [dbo].[ClaimAction] ([Id], [ActionType], [Reason], [CreatebyEmployeeId], [CreatebyInsuranceAdminId], [ClaimId], [CreatedAt], [UpdatedAt], [IsDeleted]) VALUES (208, 4, NULL, NULL, 1, 73, CAST(N'2022-01-28T00:00:00.000' AS DateTime), CAST(N'2022-01-28T00:00:00.000' AS DateTime), 0)
INSERT [dbo].[ClaimAction] ([Id], [ActionType], [Reason], [CreatebyEmployeeId], [CreatebyInsuranceAdminId], [ClaimId], [CreatedAt], [UpdatedAt], [IsDeleted]) VALUES (209, 7, NULL, NULL, 9, 73, CAST(N'2022-01-29T00:00:00.000' AS DateTime), CAST(N'2022-01-29T00:00:00.000' AS DateTime), 0)
INSERT [dbo].[ClaimAction] ([Id], [ActionType], [Reason], [CreatebyEmployeeId], [CreatebyInsuranceAdminId], [ClaimId], [CreatedAt], [UpdatedAt], [IsDeleted]) VALUES (210, 1, NULL, 14, NULL, 74, CAST(N'2022-01-17T00:00:00.000' AS DateTime), CAST(N'2022-03-06T01:44:53.427' AS DateTime), 0)
INSERT [dbo].[ClaimAction] ([Id], [ActionType], [Reason], [CreatebyEmployeeId], [CreatebyInsuranceAdminId], [ClaimId], [CreatedAt], [UpdatedAt], [IsDeleted]) VALUES (211, 4, NULL, NULL, 1, 74, CAST(N'2022-01-18T00:00:00.000' AS DateTime), CAST(N'2022-01-18T00:00:00.000' AS DateTime), 0)
INSERT [dbo].[ClaimAction] ([Id], [ActionType], [Reason], [CreatebyEmployeeId], [CreatebyInsuranceAdminId], [ClaimId], [CreatedAt], [UpdatedAt], [IsDeleted]) VALUES (212, 7, NULL, NULL, 9, 74, CAST(N'2022-01-19T00:00:00.000' AS DateTime), CAST(N'2022-01-19T00:00:00.000' AS DateTime), 0)
INSERT [dbo].[ClaimAction] ([Id], [ActionType], [Reason], [CreatebyEmployeeId], [CreatebyInsuranceAdminId], [ClaimId], [CreatedAt], [UpdatedAt], [IsDeleted]) VALUES (213, 1, NULL, 4, NULL, 75, CAST(N'2022-02-02T00:00:00.000' AS DateTime), CAST(N'2022-03-06T01:44:53.427' AS DateTime), 0)
INSERT [dbo].[ClaimAction] ([Id], [ActionType], [Reason], [CreatebyEmployeeId], [CreatebyInsuranceAdminId], [ClaimId], [CreatedAt], [UpdatedAt], [IsDeleted]) VALUES (214, 4, NULL, NULL, 8, 75, CAST(N'2022-02-03T00:00:00.000' AS DateTime), CAST(N'2022-02-03T00:00:00.000' AS DateTime), 0)
INSERT [dbo].[ClaimAction] ([Id], [ActionType], [Reason], [CreatebyEmployeeId], [CreatebyInsuranceAdminId], [ClaimId], [CreatedAt], [UpdatedAt], [IsDeleted]) VALUES (215, 7, NULL, NULL, 16, 75, CAST(N'2022-02-04T00:00:00.000' AS DateTime), CAST(N'2022-02-04T00:00:00.000' AS DateTime), 0)
INSERT [dbo].[ClaimAction] ([Id], [ActionType], [Reason], [CreatebyEmployeeId], [CreatebyInsuranceAdminId], [ClaimId], [CreatedAt], [UpdatedAt], [IsDeleted]) VALUES (216, 1, NULL, 8, NULL, 76, CAST(N'2022-02-15T00:00:00.000' AS DateTime), CAST(N'2022-03-06T01:44:53.427' AS DateTime), 0)
INSERT [dbo].[ClaimAction] ([Id], [ActionType], [Reason], [CreatebyEmployeeId], [CreatebyInsuranceAdminId], [ClaimId], [CreatedAt], [UpdatedAt], [IsDeleted]) VALUES (217, 4, NULL, NULL, 5, 76, CAST(N'2022-02-16T00:00:00.000' AS DateTime), CAST(N'2022-02-16T00:00:00.000' AS DateTime), 0)
INSERT [dbo].[ClaimAction] ([Id], [ActionType], [Reason], [CreatebyEmployeeId], [CreatebyInsuranceAdminId], [ClaimId], [CreatedAt], [UpdatedAt], [IsDeleted]) VALUES (218, 7, NULL, NULL, 13, 76, CAST(N'2022-02-17T00:00:00.000' AS DateTime), CAST(N'2022-02-17T00:00:00.000' AS DateTime), 0)
INSERT [dbo].[ClaimAction] ([Id], [ActionType], [Reason], [CreatebyEmployeeId], [CreatebyInsuranceAdminId], [ClaimId], [CreatedAt], [UpdatedAt], [IsDeleted]) VALUES (219, 1, NULL, 1, NULL, 77, CAST(N'2022-02-06T00:00:00.000' AS DateTime), CAST(N'2022-03-06T01:44:53.430' AS DateTime), 0)
INSERT [dbo].[ClaimAction] ([Id], [ActionType], [Reason], [CreatebyEmployeeId], [CreatebyInsuranceAdminId], [ClaimId], [CreatedAt], [UpdatedAt], [IsDeleted]) VALUES (220, 4, NULL, NULL, 7, 77, CAST(N'2022-02-07T00:00:00.000' AS DateTime), CAST(N'2022-02-07T00:00:00.000' AS DateTime), 0)
INSERT [dbo].[ClaimAction] ([Id], [ActionType], [Reason], [CreatebyEmployeeId], [CreatebyInsuranceAdminId], [ClaimId], [CreatedAt], [UpdatedAt], [IsDeleted]) VALUES (221, 7, NULL, NULL, 15, 77, CAST(N'2022-02-08T00:00:00.000' AS DateTime), CAST(N'2022-02-08T00:00:00.000' AS DateTime), 0)
INSERT [dbo].[ClaimAction] ([Id], [ActionType], [Reason], [CreatebyEmployeeId], [CreatebyInsuranceAdminId], [ClaimId], [CreatedAt], [UpdatedAt], [IsDeleted]) VALUES (222, 1, NULL, 9, NULL, 78, CAST(N'2022-03-01T00:00:00.000' AS DateTime), CAST(N'2022-03-06T01:44:53.430' AS DateTime), 0)
INSERT [dbo].[ClaimAction] ([Id], [ActionType], [Reason], [CreatebyEmployeeId], [CreatebyInsuranceAdminId], [ClaimId], [CreatedAt], [UpdatedAt], [IsDeleted]) VALUES (223, 4, NULL, NULL, 7, 78, CAST(N'2022-03-02T00:00:00.000' AS DateTime), CAST(N'2022-03-02T00:00:00.000' AS DateTime), 0)
INSERT [dbo].[ClaimAction] ([Id], [ActionType], [Reason], [CreatebyEmployeeId], [CreatebyInsuranceAdminId], [ClaimId], [CreatedAt], [UpdatedAt], [IsDeleted]) VALUES (224, 7, NULL, NULL, 15, 78, CAST(N'2022-03-03T00:00:00.000' AS DateTime), CAST(N'2022-03-03T00:00:00.000' AS DateTime), 0)
INSERT [dbo].[ClaimAction] ([Id], [ActionType], [Reason], [CreatebyEmployeeId], [CreatebyInsuranceAdminId], [ClaimId], [CreatedAt], [UpdatedAt], [IsDeleted]) VALUES (225, 1, NULL, 2, NULL, 79, CAST(N'2021-12-13T00:00:00.000' AS DateTime), CAST(N'2022-03-06T01:44:53.430' AS DateTime), 0)
INSERT [dbo].[ClaimAction] ([Id], [ActionType], [Reason], [CreatebyEmployeeId], [CreatebyInsuranceAdminId], [ClaimId], [CreatedAt], [UpdatedAt], [IsDeleted]) VALUES (226, 4, NULL, NULL, 2, 79, CAST(N'2021-12-14T00:00:00.000' AS DateTime), CAST(N'2021-12-14T00:00:00.000' AS DateTime), 0)
INSERT [dbo].[ClaimAction] ([Id], [ActionType], [Reason], [CreatebyEmployeeId], [CreatebyInsuranceAdminId], [ClaimId], [CreatedAt], [UpdatedAt], [IsDeleted]) VALUES (227, 7, NULL, NULL, 10, 79, CAST(N'2021-12-15T00:00:00.000' AS DateTime), CAST(N'2021-12-15T00:00:00.000' AS DateTime), 0)
INSERT [dbo].[ClaimAction] ([Id], [ActionType], [Reason], [CreatebyEmployeeId], [CreatebyInsuranceAdminId], [ClaimId], [CreatedAt], [UpdatedAt], [IsDeleted]) VALUES (228, 1, NULL, 9, NULL, 80, CAST(N'2022-02-05T00:00:00.000' AS DateTime), CAST(N'2022-03-06T01:44:53.433' AS DateTime), 0)
INSERT [dbo].[ClaimAction] ([Id], [ActionType], [Reason], [CreatebyEmployeeId], [CreatebyInsuranceAdminId], [ClaimId], [CreatedAt], [UpdatedAt], [IsDeleted]) VALUES (229, 4, NULL, NULL, 8, 80, CAST(N'2022-02-06T00:00:00.000' AS DateTime), CAST(N'2022-02-06T00:00:00.000' AS DateTime), 0)
INSERT [dbo].[ClaimAction] ([Id], [ActionType], [Reason], [CreatebyEmployeeId], [CreatebyInsuranceAdminId], [ClaimId], [CreatedAt], [UpdatedAt], [IsDeleted]) VALUES (230, 7, NULL, NULL, 16, 80, CAST(N'2022-02-07T00:00:00.000' AS DateTime), CAST(N'2022-02-07T00:00:00.000' AS DateTime), 0)
INSERT [dbo].[ClaimAction] ([Id], [ActionType], [Reason], [CreatebyEmployeeId], [CreatebyInsuranceAdminId], [ClaimId], [CreatedAt], [UpdatedAt], [IsDeleted]) VALUES (231, 1, NULL, 4, NULL, 81, CAST(N'2022-01-13T00:00:00.000' AS DateTime), CAST(N'2022-03-06T01:44:53.433' AS DateTime), 0)
INSERT [dbo].[ClaimAction] ([Id], [ActionType], [Reason], [CreatebyEmployeeId], [CreatebyInsuranceAdminId], [ClaimId], [CreatedAt], [UpdatedAt], [IsDeleted]) VALUES (232, 4, NULL, NULL, 5, 81, CAST(N'2022-01-14T00:00:00.000' AS DateTime), CAST(N'2022-01-14T00:00:00.000' AS DateTime), 0)
INSERT [dbo].[ClaimAction] ([Id], [ActionType], [Reason], [CreatebyEmployeeId], [CreatebyInsuranceAdminId], [ClaimId], [CreatedAt], [UpdatedAt], [IsDeleted]) VALUES (233, 7, NULL, NULL, 13, 81, CAST(N'2022-01-15T00:00:00.000' AS DateTime), CAST(N'2022-01-15T00:00:00.000' AS DateTime), 0)
INSERT [dbo].[ClaimAction] ([Id], [ActionType], [Reason], [CreatebyEmployeeId], [CreatebyInsuranceAdminId], [ClaimId], [CreatedAt], [UpdatedAt], [IsDeleted]) VALUES (234, 1, NULL, 7, NULL, 82, CAST(N'2022-01-10T00:00:00.000' AS DateTime), CAST(N'2022-03-06T01:44:53.457' AS DateTime), 0)
INSERT [dbo].[ClaimAction] ([Id], [ActionType], [Reason], [CreatebyEmployeeId], [CreatebyInsuranceAdminId], [ClaimId], [CreatedAt], [UpdatedAt], [IsDeleted]) VALUES (235, 4, NULL, NULL, 7, 82, CAST(N'2022-01-11T00:00:00.000' AS DateTime), CAST(N'2022-01-11T00:00:00.000' AS DateTime), 0)
INSERT [dbo].[ClaimAction] ([Id], [ActionType], [Reason], [CreatebyEmployeeId], [CreatebyInsuranceAdminId], [ClaimId], [CreatedAt], [UpdatedAt], [IsDeleted]) VALUES (236, 7, NULL, NULL, 15, 82, CAST(N'2022-01-12T00:00:00.000' AS DateTime), CAST(N'2022-01-12T00:00:00.000' AS DateTime), 0)
INSERT [dbo].[ClaimAction] ([Id], [ActionType], [Reason], [CreatebyEmployeeId], [CreatebyInsuranceAdminId], [ClaimId], [CreatedAt], [UpdatedAt], [IsDeleted]) VALUES (237, 1, NULL, 15, NULL, 83, CAST(N'2022-02-14T00:00:00.000' AS DateTime), CAST(N'2022-03-06T01:44:53.457' AS DateTime), 0)
INSERT [dbo].[ClaimAction] ([Id], [ActionType], [Reason], [CreatebyEmployeeId], [CreatebyInsuranceAdminId], [ClaimId], [CreatedAt], [UpdatedAt], [IsDeleted]) VALUES (238, 4, NULL, NULL, 8, 83, CAST(N'2022-02-15T00:00:00.000' AS DateTime), CAST(N'2022-02-15T00:00:00.000' AS DateTime), 0)
INSERT [dbo].[ClaimAction] ([Id], [ActionType], [Reason], [CreatebyEmployeeId], [CreatebyInsuranceAdminId], [ClaimId], [CreatedAt], [UpdatedAt], [IsDeleted]) VALUES (239, 7, NULL, NULL, 16, 83, CAST(N'2022-02-16T00:00:00.000' AS DateTime), CAST(N'2022-02-16T00:00:00.000' AS DateTime), 0)
INSERT [dbo].[ClaimAction] ([Id], [ActionType], [Reason], [CreatebyEmployeeId], [CreatebyInsuranceAdminId], [ClaimId], [CreatedAt], [UpdatedAt], [IsDeleted]) VALUES (240, 1, NULL, 1, NULL, 84, CAST(N'2022-03-01T00:00:00.000' AS DateTime), CAST(N'2022-03-06T01:44:53.457' AS DateTime), 0)
INSERT [dbo].[ClaimAction] ([Id], [ActionType], [Reason], [CreatebyEmployeeId], [CreatebyInsuranceAdminId], [ClaimId], [CreatedAt], [UpdatedAt], [IsDeleted]) VALUES (241, 4, NULL, NULL, 5, 84, CAST(N'2022-03-02T00:00:00.000' AS DateTime), CAST(N'2022-03-02T00:00:00.000' AS DateTime), 0)
INSERT [dbo].[ClaimAction] ([Id], [ActionType], [Reason], [CreatebyEmployeeId], [CreatebyInsuranceAdminId], [ClaimId], [CreatedAt], [UpdatedAt], [IsDeleted]) VALUES (242, 7, NULL, NULL, 13, 84, CAST(N'2022-03-03T00:00:00.000' AS DateTime), CAST(N'2022-03-03T00:00:00.000' AS DateTime), 0)
INSERT [dbo].[ClaimAction] ([Id], [ActionType], [Reason], [CreatebyEmployeeId], [CreatebyInsuranceAdminId], [ClaimId], [CreatedAt], [UpdatedAt], [IsDeleted]) VALUES (243, 1, NULL, 9, NULL, 85, CAST(N'2022-01-06T00:00:00.000' AS DateTime), CAST(N'2022-03-06T01:44:53.460' AS DateTime), 0)
INSERT [dbo].[ClaimAction] ([Id], [ActionType], [Reason], [CreatebyEmployeeId], [CreatebyInsuranceAdminId], [ClaimId], [CreatedAt], [UpdatedAt], [IsDeleted]) VALUES (244, 4, NULL, NULL, 1, 85, CAST(N'2022-01-07T00:00:00.000' AS DateTime), CAST(N'2022-01-07T00:00:00.000' AS DateTime), 0)
INSERT [dbo].[ClaimAction] ([Id], [ActionType], [Reason], [CreatebyEmployeeId], [CreatebyInsuranceAdminId], [ClaimId], [CreatedAt], [UpdatedAt], [IsDeleted]) VALUES (245, 7, NULL, NULL, 9, 85, CAST(N'2022-01-08T00:00:00.000' AS DateTime), CAST(N'2022-01-08T00:00:00.000' AS DateTime), 0)
INSERT [dbo].[ClaimAction] ([Id], [ActionType], [Reason], [CreatebyEmployeeId], [CreatebyInsuranceAdminId], [ClaimId], [CreatedAt], [UpdatedAt], [IsDeleted]) VALUES (246, 1, NULL, 10, NULL, 86, CAST(N'2022-01-13T00:00:00.000' AS DateTime), CAST(N'2022-03-06T01:44:53.460' AS DateTime), 0)
INSERT [dbo].[ClaimAction] ([Id], [ActionType], [Reason], [CreatebyEmployeeId], [CreatebyInsuranceAdminId], [ClaimId], [CreatedAt], [UpdatedAt], [IsDeleted]) VALUES (247, 4, NULL, NULL, 1, 86, CAST(N'2022-01-14T00:00:00.000' AS DateTime), CAST(N'2022-01-14T00:00:00.000' AS DateTime), 0)
INSERT [dbo].[ClaimAction] ([Id], [ActionType], [Reason], [CreatebyEmployeeId], [CreatebyInsuranceAdminId], [ClaimId], [CreatedAt], [UpdatedAt], [IsDeleted]) VALUES (248, 7, NULL, NULL, 9, 86, CAST(N'2022-01-15T00:00:00.000' AS DateTime), CAST(N'2022-01-15T00:00:00.000' AS DateTime), 0)
INSERT [dbo].[ClaimAction] ([Id], [ActionType], [Reason], [CreatebyEmployeeId], [CreatebyInsuranceAdminId], [ClaimId], [CreatedAt], [UpdatedAt], [IsDeleted]) VALUES (249, 1, NULL, 12, NULL, 87, CAST(N'2022-02-10T00:00:00.000' AS DateTime), CAST(N'2022-03-06T01:44:53.460' AS DateTime), 0)
INSERT [dbo].[ClaimAction] ([Id], [ActionType], [Reason], [CreatebyEmployeeId], [CreatebyInsuranceAdminId], [ClaimId], [CreatedAt], [UpdatedAt], [IsDeleted]) VALUES (250, 4, NULL, NULL, 8, 87, CAST(N'2022-02-11T00:00:00.000' AS DateTime), CAST(N'2022-02-11T00:00:00.000' AS DateTime), 0)
INSERT [dbo].[ClaimAction] ([Id], [ActionType], [Reason], [CreatebyEmployeeId], [CreatebyInsuranceAdminId], [ClaimId], [CreatedAt], [UpdatedAt], [IsDeleted]) VALUES (251, 7, NULL, NULL, 16, 87, CAST(N'2022-02-12T00:00:00.000' AS DateTime), CAST(N'2022-02-12T00:00:00.000' AS DateTime), 0)
INSERT [dbo].[ClaimAction] ([Id], [ActionType], [Reason], [CreatebyEmployeeId], [CreatebyInsuranceAdminId], [ClaimId], [CreatedAt], [UpdatedAt], [IsDeleted]) VALUES (252, 1, NULL, 5, NULL, 88, CAST(N'2022-01-09T00:00:00.000' AS DateTime), CAST(N'2022-03-06T01:44:53.463' AS DateTime), 0)
INSERT [dbo].[ClaimAction] ([Id], [ActionType], [Reason], [CreatebyEmployeeId], [CreatebyInsuranceAdminId], [ClaimId], [CreatedAt], [UpdatedAt], [IsDeleted]) VALUES (253, 4, NULL, NULL, 8, 88, CAST(N'2022-01-10T00:00:00.000' AS DateTime), CAST(N'2022-01-10T00:00:00.000' AS DateTime), 0)
INSERT [dbo].[ClaimAction] ([Id], [ActionType], [Reason], [CreatebyEmployeeId], [CreatebyInsuranceAdminId], [ClaimId], [CreatedAt], [UpdatedAt], [IsDeleted]) VALUES (254, 7, NULL, NULL, 16, 88, CAST(N'2022-01-11T00:00:00.000' AS DateTime), CAST(N'2022-01-11T00:00:00.000' AS DateTime), 0)
INSERT [dbo].[ClaimAction] ([Id], [ActionType], [Reason], [CreatebyEmployeeId], [CreatebyInsuranceAdminId], [ClaimId], [CreatedAt], [UpdatedAt], [IsDeleted]) VALUES (255, 1, NULL, 19, NULL, 89, CAST(N'2021-11-23T00:00:00.000' AS DateTime), CAST(N'2022-03-06T01:44:53.463' AS DateTime), 0)
INSERT [dbo].[ClaimAction] ([Id], [ActionType], [Reason], [CreatebyEmployeeId], [CreatebyInsuranceAdminId], [ClaimId], [CreatedAt], [UpdatedAt], [IsDeleted]) VALUES (256, 4, NULL, NULL, 5, 89, CAST(N'2021-11-24T00:00:00.000' AS DateTime), CAST(N'2021-11-24T00:00:00.000' AS DateTime), 0)
INSERT [dbo].[ClaimAction] ([Id], [ActionType], [Reason], [CreatebyEmployeeId], [CreatebyInsuranceAdminId], [ClaimId], [CreatedAt], [UpdatedAt], [IsDeleted]) VALUES (257, 7, NULL, NULL, 13, 89, CAST(N'2021-11-25T00:00:00.000' AS DateTime), CAST(N'2021-11-25T00:00:00.000' AS DateTime), 0)
INSERT [dbo].[ClaimAction] ([Id], [ActionType], [Reason], [CreatebyEmployeeId], [CreatebyInsuranceAdminId], [ClaimId], [CreatedAt], [UpdatedAt], [IsDeleted]) VALUES (258, 1, NULL, 4, NULL, 90, CAST(N'2022-02-22T00:00:00.000' AS DateTime), CAST(N'2022-03-06T01:44:53.463' AS DateTime), 0)
INSERT [dbo].[ClaimAction] ([Id], [ActionType], [Reason], [CreatebyEmployeeId], [CreatebyInsuranceAdminId], [ClaimId], [CreatedAt], [UpdatedAt], [IsDeleted]) VALUES (259, 4, NULL, NULL, 8, 90, CAST(N'2022-02-23T00:00:00.000' AS DateTime), CAST(N'2022-02-23T00:00:00.000' AS DateTime), 0)
INSERT [dbo].[ClaimAction] ([Id], [ActionType], [Reason], [CreatebyEmployeeId], [CreatebyInsuranceAdminId], [ClaimId], [CreatedAt], [UpdatedAt], [IsDeleted]) VALUES (260, 7, NULL, NULL, 16, 90, CAST(N'2022-02-24T00:00:00.000' AS DateTime), CAST(N'2022-02-24T00:00:00.000' AS DateTime), 0)
INSERT [dbo].[ClaimAction] ([Id], [ActionType], [Reason], [CreatebyEmployeeId], [CreatebyInsuranceAdminId], [ClaimId], [CreatedAt], [UpdatedAt], [IsDeleted]) VALUES (261, 1, NULL, 10, NULL, 91, CAST(N'2021-12-10T00:00:00.000' AS DateTime), CAST(N'2022-03-06T01:44:53.467' AS DateTime), 0)
INSERT [dbo].[ClaimAction] ([Id], [ActionType], [Reason], [CreatebyEmployeeId], [CreatebyInsuranceAdminId], [ClaimId], [CreatedAt], [UpdatedAt], [IsDeleted]) VALUES (262, 4, NULL, NULL, 6, 91, CAST(N'2021-12-11T00:00:00.000' AS DateTime), CAST(N'2021-12-11T00:00:00.000' AS DateTime), 0)
INSERT [dbo].[ClaimAction] ([Id], [ActionType], [Reason], [CreatebyEmployeeId], [CreatebyInsuranceAdminId], [ClaimId], [CreatedAt], [UpdatedAt], [IsDeleted]) VALUES (263, 7, NULL, NULL, 14, 91, CAST(N'2021-12-12T00:00:00.000' AS DateTime), CAST(N'2021-12-12T00:00:00.000' AS DateTime), 0)
INSERT [dbo].[ClaimAction] ([Id], [ActionType], [Reason], [CreatebyEmployeeId], [CreatebyInsuranceAdminId], [ClaimId], [CreatedAt], [UpdatedAt], [IsDeleted]) VALUES (264, 1, NULL, 14, NULL, 92, CAST(N'2021-12-05T00:00:00.000' AS DateTime), CAST(N'2022-03-06T01:44:53.467' AS DateTime), 0)
INSERT [dbo].[ClaimAction] ([Id], [ActionType], [Reason], [CreatebyEmployeeId], [CreatebyInsuranceAdminId], [ClaimId], [CreatedAt], [UpdatedAt], [IsDeleted]) VALUES (265, 4, NULL, NULL, 4, 92, CAST(N'2021-12-06T00:00:00.000' AS DateTime), CAST(N'2021-12-06T00:00:00.000' AS DateTime), 0)
INSERT [dbo].[ClaimAction] ([Id], [ActionType], [Reason], [CreatebyEmployeeId], [CreatebyInsuranceAdminId], [ClaimId], [CreatedAt], [UpdatedAt], [IsDeleted]) VALUES (266, 7, NULL, NULL, 12, 92, CAST(N'2021-12-07T00:00:00.000' AS DateTime), CAST(N'2021-12-07T00:00:00.000' AS DateTime), 0)
INSERT [dbo].[ClaimAction] ([Id], [ActionType], [Reason], [CreatebyEmployeeId], [CreatebyInsuranceAdminId], [ClaimId], [CreatedAt], [UpdatedAt], [IsDeleted]) VALUES (267, 1, NULL, 3, NULL, 93, CAST(N'2022-01-05T00:00:00.000' AS DateTime), CAST(N'2022-03-06T01:44:53.467' AS DateTime), 0)
INSERT [dbo].[ClaimAction] ([Id], [ActionType], [Reason], [CreatebyEmployeeId], [CreatebyInsuranceAdminId], [ClaimId], [CreatedAt], [UpdatedAt], [IsDeleted]) VALUES (268, 4, NULL, NULL, 7, 93, CAST(N'2022-01-06T00:00:00.000' AS DateTime), CAST(N'2022-01-06T00:00:00.000' AS DateTime), 0)
INSERT [dbo].[ClaimAction] ([Id], [ActionType], [Reason], [CreatebyEmployeeId], [CreatebyInsuranceAdminId], [ClaimId], [CreatedAt], [UpdatedAt], [IsDeleted]) VALUES (269, 7, NULL, NULL, 15, 93, CAST(N'2022-01-07T00:00:00.000' AS DateTime), CAST(N'2022-01-07T00:00:00.000' AS DateTime), 0)
INSERT [dbo].[ClaimAction] ([Id], [ActionType], [Reason], [CreatebyEmployeeId], [CreatebyInsuranceAdminId], [ClaimId], [CreatedAt], [UpdatedAt], [IsDeleted]) VALUES (270, 1, NULL, 19, NULL, 94, CAST(N'2021-11-05T00:00:00.000' AS DateTime), CAST(N'2022-03-06T01:44:53.470' AS DateTime), 0)
INSERT [dbo].[ClaimAction] ([Id], [ActionType], [Reason], [CreatebyEmployeeId], [CreatebyInsuranceAdminId], [ClaimId], [CreatedAt], [UpdatedAt], [IsDeleted]) VALUES (271, 4, NULL, NULL, 5, 94, CAST(N'2021-11-06T00:00:00.000' AS DateTime), CAST(N'2021-11-06T00:00:00.000' AS DateTime), 0)
INSERT [dbo].[ClaimAction] ([Id], [ActionType], [Reason], [CreatebyEmployeeId], [CreatebyInsuranceAdminId], [ClaimId], [CreatedAt], [UpdatedAt], [IsDeleted]) VALUES (272, 7, NULL, NULL, 13, 94, CAST(N'2021-11-07T00:00:00.000' AS DateTime), CAST(N'2021-11-07T00:00:00.000' AS DateTime), 0)
INSERT [dbo].[ClaimAction] ([Id], [ActionType], [Reason], [CreatebyEmployeeId], [CreatebyInsuranceAdminId], [ClaimId], [CreatedAt], [UpdatedAt], [IsDeleted]) VALUES (275, 1, NULL, 4, NULL, 96, CAST(N'2022-03-06T11:31:56.897' AS DateTime), CAST(N'2022-03-06T01:48:50.890' AS DateTime), 0)
INSERT [dbo].[ClaimAction] ([Id], [ActionType], [Reason], [CreatebyEmployeeId], [CreatebyInsuranceAdminId], [ClaimId], [CreatedAt], [UpdatedAt], [IsDeleted]) VALUES (276, 4, NULL, NULL, 5, 96, CAST(N'2022-03-07T11:31:56.897' AS DateTime), CAST(N'2022-03-07T11:31:56.897' AS DateTime), 0)
INSERT [dbo].[ClaimAction] ([Id], [ActionType], [Reason], [CreatebyEmployeeId], [CreatebyInsuranceAdminId], [ClaimId], [CreatedAt], [UpdatedAt], [IsDeleted]) VALUES (277, 1, NULL, 1, NULL, 97, CAST(N'2022-03-06T21:31:56.897' AS DateTime), CAST(N'2022-03-06T01:49:11.423' AS DateTime), 0)
INSERT [dbo].[ClaimAction] ([Id], [ActionType], [Reason], [CreatebyEmployeeId], [CreatebyInsuranceAdminId], [ClaimId], [CreatedAt], [UpdatedAt], [IsDeleted]) VALUES (278, 4, NULL, NULL, 5, 97, CAST(N'2022-03-07T21:31:56.897' AS DateTime), CAST(N'2022-03-07T21:31:56.897' AS DateTime), 0)
INSERT [dbo].[ClaimAction] ([Id], [ActionType], [Reason], [CreatebyEmployeeId], [CreatebyInsuranceAdminId], [ClaimId], [CreatedAt], [UpdatedAt], [IsDeleted]) VALUES (279, 1, NULL, 3, NULL, 98, CAST(N'2022-03-06T18:31:56.897' AS DateTime), CAST(N'2022-03-06T01:49:29.460' AS DateTime), 0)
INSERT [dbo].[ClaimAction] ([Id], [ActionType], [Reason], [CreatebyEmployeeId], [CreatebyInsuranceAdminId], [ClaimId], [CreatedAt], [UpdatedAt], [IsDeleted]) VALUES (280, 4, NULL, NULL, 3, 98, CAST(N'2022-03-07T18:31:56.897' AS DateTime), CAST(N'2022-03-07T18:31:56.897' AS DateTime), 0)
INSERT [dbo].[ClaimAction] ([Id], [ActionType], [Reason], [CreatebyEmployeeId], [CreatebyInsuranceAdminId], [ClaimId], [CreatedAt], [UpdatedAt], [IsDeleted]) VALUES (281, 1, NULL, 19, NULL, 99, CAST(N'2022-01-16T01:31:56.897' AS DateTime), CAST(N'2022-03-06T01:53:31.810' AS DateTime), 0)
INSERT [dbo].[ClaimAction] ([Id], [ActionType], [Reason], [CreatebyEmployeeId], [CreatebyInsuranceAdminId], [ClaimId], [CreatedAt], [UpdatedAt], [IsDeleted]) VALUES (282, 1, NULL, 5, NULL, 100, CAST(N'2022-01-15T14:31:56.897' AS DateTime), CAST(N'2022-03-06T01:53:46.997' AS DateTime), 0)
SET IDENTITY_INSERT [dbo].[ClaimAction] OFF
GO
SET IDENTITY_INSERT [dbo].[ClaimEmployee] ON 

INSERT [dbo].[ClaimEmployee] ([Id], [Status], [Reason], [TotalCost], [EmployeeId], [PolicyId], [CreatedAt], [UpdatedAt], [IsDeleted]) VALUES (1, 4, N'Feeling unwell', CAST(2863.00 AS Decimal(12, 2)), 16, 3, CAST(N'2021-10-23T00:00:00.000' AS DateTime), CAST(N'2021-10-24T00:00:00.000' AS DateTime), 0)
INSERT [dbo].[ClaimEmployee] ([Id], [Status], [Reason], [TotalCost], [EmployeeId], [PolicyId], [CreatedAt], [UpdatedAt], [IsDeleted]) VALUES (2, 4, N'Feeling unwell', CAST(1783.00 AS Decimal(12, 2)), 7, 33, CAST(N'2022-01-11T00:00:00.000' AS DateTime), CAST(N'2022-01-12T00:00:00.000' AS DateTime), 0)
INSERT [dbo].[ClaimEmployee] ([Id], [Status], [Reason], [TotalCost], [EmployeeId], [PolicyId], [CreatedAt], [UpdatedAt], [IsDeleted]) VALUES (3, 4, N'Feeling unwell', CAST(1130.00 AS Decimal(12, 2)), 12, 26, CAST(N'2021-11-16T00:00:00.000' AS DateTime), CAST(N'2021-11-17T00:00:00.000' AS DateTime), 0)
INSERT [dbo].[ClaimEmployee] ([Id], [Status], [Reason], [TotalCost], [EmployeeId], [PolicyId], [CreatedAt], [UpdatedAt], [IsDeleted]) VALUES (4, 4, N'Feeling unwell', CAST(1635.00 AS Decimal(12, 2)), 7, 33, CAST(N'2022-02-24T00:00:00.000' AS DateTime), CAST(N'2022-02-25T00:00:00.000' AS DateTime), 0)
INSERT [dbo].[ClaimEmployee] ([Id], [Status], [Reason], [TotalCost], [EmployeeId], [PolicyId], [CreatedAt], [UpdatedAt], [IsDeleted]) VALUES (5, 4, N'Feeling unwell', CAST(1808.00 AS Decimal(12, 2)), 19, 33, CAST(N'2021-11-15T00:00:00.000' AS DateTime), CAST(N'2021-11-16T00:00:00.000' AS DateTime), 0)
INSERT [dbo].[ClaimEmployee] ([Id], [Status], [Reason], [TotalCost], [EmployeeId], [PolicyId], [CreatedAt], [UpdatedAt], [IsDeleted]) VALUES (6, 4, N'Feeling unwell', CAST(936.00 AS Decimal(12, 2)), 12, 11, CAST(N'2022-02-04T00:00:00.000' AS DateTime), CAST(N'2022-02-05T00:00:00.000' AS DateTime), 0)
INSERT [dbo].[ClaimEmployee] ([Id], [Status], [Reason], [TotalCost], [EmployeeId], [PolicyId], [CreatedAt], [UpdatedAt], [IsDeleted]) VALUES (7, 4, N'Feeling unwell', CAST(234.00 AS Decimal(12, 2)), 6, 15, CAST(N'2022-02-09T00:00:00.000' AS DateTime), CAST(N'2022-02-10T00:00:00.000' AS DateTime), 0)
INSERT [dbo].[ClaimEmployee] ([Id], [Status], [Reason], [TotalCost], [EmployeeId], [PolicyId], [CreatedAt], [UpdatedAt], [IsDeleted]) VALUES (8, 4, N'Feeling unwell', CAST(612.00 AS Decimal(12, 2)), 17, 12, CAST(N'2021-12-23T00:00:00.000' AS DateTime), CAST(N'2021-12-24T00:00:00.000' AS DateTime), 0)
INSERT [dbo].[ClaimEmployee] ([Id], [Status], [Reason], [TotalCost], [EmployeeId], [PolicyId], [CreatedAt], [UpdatedAt], [IsDeleted]) VALUES (9, 4, N'Feeling unwell', CAST(805.00 AS Decimal(12, 2)), 15, 34, CAST(N'2022-01-19T00:00:00.000' AS DateTime), CAST(N'2022-01-20T00:00:00.000' AS DateTime), 0)
INSERT [dbo].[ClaimEmployee] ([Id], [Status], [Reason], [TotalCost], [EmployeeId], [PolicyId], [CreatedAt], [UpdatedAt], [IsDeleted]) VALUES (10, 4, N'Feeling unwell', CAST(1289.00 AS Decimal(12, 2)), 11, 19, CAST(N'2021-10-22T00:00:00.000' AS DateTime), CAST(N'2021-10-23T00:00:00.000' AS DateTime), 0)
INSERT [dbo].[ClaimEmployee] ([Id], [Status], [Reason], [TotalCost], [EmployeeId], [PolicyId], [CreatedAt], [UpdatedAt], [IsDeleted]) VALUES (11, 5, N'Feeling unwell', CAST(812.00 AS Decimal(12, 2)), 1, 31, CAST(N'2022-01-08T00:00:00.000' AS DateTime), CAST(N'2022-01-10T00:00:00.000' AS DateTime), 0)
INSERT [dbo].[ClaimEmployee] ([Id], [Status], [Reason], [TotalCost], [EmployeeId], [PolicyId], [CreatedAt], [UpdatedAt], [IsDeleted]) VALUES (12, 5, N'Feeling unwell', CAST(2455.00 AS Decimal(12, 2)), 13, 6, CAST(N'2021-10-24T00:00:00.000' AS DateTime), CAST(N'2021-10-26T00:00:00.000' AS DateTime), 0)
INSERT [dbo].[ClaimEmployee] ([Id], [Status], [Reason], [TotalCost], [EmployeeId], [PolicyId], [CreatedAt], [UpdatedAt], [IsDeleted]) VALUES (13, 5, N'Feeling unwell', CAST(946.00 AS Decimal(12, 2)), 12, 11, CAST(N'2021-12-26T00:00:00.000' AS DateTime), CAST(N'2021-12-28T00:00:00.000' AS DateTime), 0)
INSERT [dbo].[ClaimEmployee] ([Id], [Status], [Reason], [TotalCost], [EmployeeId], [PolicyId], [CreatedAt], [UpdatedAt], [IsDeleted]) VALUES (14, 5, N'Feeling unwell', CAST(799.00 AS Decimal(12, 2)), 10, 11, CAST(N'2022-01-26T00:00:00.000' AS DateTime), CAST(N'2022-01-28T00:00:00.000' AS DateTime), 0)
INSERT [dbo].[ClaimEmployee] ([Id], [Status], [Reason], [TotalCost], [EmployeeId], [PolicyId], [CreatedAt], [UpdatedAt], [IsDeleted]) VALUES (15, 3, N'Feeling unwell', CAST(1638.00 AS Decimal(12, 2)), 19, 13, CAST(N'2022-01-20T00:00:00.000' AS DateTime), CAST(N'2022-01-22T00:00:00.000' AS DateTime), 0)
INSERT [dbo].[ClaimEmployee] ([Id], [Status], [Reason], [TotalCost], [EmployeeId], [PolicyId], [CreatedAt], [UpdatedAt], [IsDeleted]) VALUES (16, 3, N'Feeling unwell', CAST(361.00 AS Decimal(12, 2)), 1, 15, CAST(N'2021-12-20T00:00:00.000' AS DateTime), CAST(N'2021-12-22T00:00:00.000' AS DateTime), 0)
INSERT [dbo].[ClaimEmployee] ([Id], [Status], [Reason], [TotalCost], [EmployeeId], [PolicyId], [CreatedAt], [UpdatedAt], [IsDeleted]) VALUES (17, 3, N'Feeling unwell', CAST(1127.00 AS Decimal(12, 2)), 3, 25, CAST(N'2022-01-19T00:00:00.000' AS DateTime), CAST(N'2022-01-21T00:00:00.000' AS DateTime), 0)
INSERT [dbo].[ClaimEmployee] ([Id], [Status], [Reason], [TotalCost], [EmployeeId], [PolicyId], [CreatedAt], [UpdatedAt], [IsDeleted]) VALUES (18, 3, N'Feeling unwell', CAST(288.00 AS Decimal(12, 2)), 13, 15, CAST(N'2022-02-20T00:00:00.000' AS DateTime), CAST(N'2022-02-22T00:00:00.000' AS DateTime), 0)
INSERT [dbo].[ClaimEmployee] ([Id], [Status], [Reason], [TotalCost], [EmployeeId], [PolicyId], [CreatedAt], [UpdatedAt], [IsDeleted]) VALUES (20, 3, N'Feeling unwell', CAST(1135.00 AS Decimal(12, 2)), 10, 11, CAST(N'2022-03-03T00:00:00.000' AS DateTime), CAST(N'2022-03-05T00:00:00.000' AS DateTime), 0)
INSERT [dbo].[ClaimEmployee] ([Id], [Status], [Reason], [TotalCost], [EmployeeId], [PolicyId], [CreatedAt], [UpdatedAt], [IsDeleted]) VALUES (21, 3, N'Feeling unwell', CAST(269.00 AS Decimal(12, 2)), 18, 15, CAST(N'2022-02-16T00:00:00.000' AS DateTime), CAST(N'2022-02-18T00:00:00.000' AS DateTime), 0)
INSERT [dbo].[ClaimEmployee] ([Id], [Status], [Reason], [TotalCost], [EmployeeId], [PolicyId], [CreatedAt], [UpdatedAt], [IsDeleted]) VALUES (22, 3, N'Feeling unwell', CAST(1968.00 AS Decimal(12, 2)), 7, 33, CAST(N'2022-01-21T00:00:00.000' AS DateTime), CAST(N'2022-01-23T00:00:00.000' AS DateTime), 0)
INSERT [dbo].[ClaimEmployee] ([Id], [Status], [Reason], [TotalCost], [EmployeeId], [PolicyId], [CreatedAt], [UpdatedAt], [IsDeleted]) VALUES (23, 3, N'Feeling unwell', CAST(933.00 AS Decimal(12, 2)), 11, 34, CAST(N'2022-02-22T00:00:00.000' AS DateTime), CAST(N'2022-02-24T00:00:00.000' AS DateTime), 0)
INSERT [dbo].[ClaimEmployee] ([Id], [Status], [Reason], [TotalCost], [EmployeeId], [PolicyId], [CreatedAt], [UpdatedAt], [IsDeleted]) VALUES (24, 3, N'Feeling unwell', CAST(5988.00 AS Decimal(12, 2)), 9, 7, CAST(N'2022-01-21T00:00:00.000' AS DateTime), CAST(N'2022-01-23T00:00:00.000' AS DateTime), 0)
INSERT [dbo].[ClaimEmployee] ([Id], [Status], [Reason], [TotalCost], [EmployeeId], [PolicyId], [CreatedAt], [UpdatedAt], [IsDeleted]) VALUES (25, 3, N'Feeling unwell', CAST(5636.00 AS Decimal(12, 2)), 9, 7, CAST(N'2022-01-31T00:00:00.000' AS DateTime), CAST(N'2022-02-02T00:00:00.000' AS DateTime), 0)
INSERT [dbo].[ClaimEmployee] ([Id], [Status], [Reason], [TotalCost], [EmployeeId], [PolicyId], [CreatedAt], [UpdatedAt], [IsDeleted]) VALUES (26, 3, N'Feeling unwell', CAST(2511.00 AS Decimal(12, 2)), 7, 23, CAST(N'2021-11-28T00:00:00.000' AS DateTime), CAST(N'2021-11-30T00:00:00.000' AS DateTime), 0)
INSERT [dbo].[ClaimEmployee] ([Id], [Status], [Reason], [TotalCost], [EmployeeId], [PolicyId], [CreatedAt], [UpdatedAt], [IsDeleted]) VALUES (27, 3, N'Feeling unwell', CAST(1414.00 AS Decimal(12, 2)), 5, 23, CAST(N'2022-02-27T00:00:00.000' AS DateTime), CAST(N'2022-03-01T00:00:00.000' AS DateTime), 0)
INSERT [dbo].[ClaimEmployee] ([Id], [Status], [Reason], [TotalCost], [EmployeeId], [PolicyId], [CreatedAt], [UpdatedAt], [IsDeleted]) VALUES (28, 3, N'Feeling unwell', CAST(1694.00 AS Decimal(12, 2)), 3, 33, CAST(N'2022-01-15T00:00:00.000' AS DateTime), CAST(N'2022-01-17T00:00:00.000' AS DateTime), 0)
INSERT [dbo].[ClaimEmployee] ([Id], [Status], [Reason], [TotalCost], [EmployeeId], [PolicyId], [CreatedAt], [UpdatedAt], [IsDeleted]) VALUES (29, 3, N'Feeling unwell', CAST(2080.00 AS Decimal(12, 2)), 5, 23, CAST(N'2022-02-18T00:00:00.000' AS DateTime), CAST(N'2022-02-20T00:00:00.000' AS DateTime), 0)
INSERT [dbo].[ClaimEmployee] ([Id], [Status], [Reason], [TotalCost], [EmployeeId], [PolicyId], [CreatedAt], [UpdatedAt], [IsDeleted]) VALUES (30, 3, N'Feeling unwell', CAST(1472.00 AS Decimal(12, 2)), 13, 27, CAST(N'2022-03-01T00:00:00.000' AS DateTime), CAST(N'2022-03-03T00:00:00.000' AS DateTime), 0)
INSERT [dbo].[ClaimEmployee] ([Id], [Status], [Reason], [TotalCost], [EmployeeId], [PolicyId], [CreatedAt], [UpdatedAt], [IsDeleted]) VALUES (31, 3, N'Feeling unwell', CAST(1771.00 AS Decimal(12, 2)), 7, 23, CAST(N'2021-11-29T00:00:00.000' AS DateTime), CAST(N'2021-12-01T00:00:00.000' AS DateTime), 0)
INSERT [dbo].[ClaimEmployee] ([Id], [Status], [Reason], [TotalCost], [EmployeeId], [PolicyId], [CreatedAt], [UpdatedAt], [IsDeleted]) VALUES (32, 3, N'Feeling unwell', CAST(1827.00 AS Decimal(12, 2)), 19, 33, CAST(N'2022-02-09T00:00:00.000' AS DateTime), CAST(N'2022-02-11T00:00:00.000' AS DateTime), 0)
INSERT [dbo].[ClaimEmployee] ([Id], [Status], [Reason], [TotalCost], [EmployeeId], [PolicyId], [CreatedAt], [UpdatedAt], [IsDeleted]) VALUES (33, 3, N'Feeling unwell', CAST(5967.00 AS Decimal(12, 2)), 9, 7, CAST(N'2022-01-12T00:00:00.000' AS DateTime), CAST(N'2022-01-14T00:00:00.000' AS DateTime), 0)
INSERT [dbo].[ClaimEmployee] ([Id], [Status], [Reason], [TotalCost], [EmployeeId], [PolicyId], [CreatedAt], [UpdatedAt], [IsDeleted]) VALUES (34, 3, N'Feeling unwell', CAST(1091.00 AS Decimal(12, 2)), 17, 8, CAST(N'2022-02-28T00:00:00.000' AS DateTime), CAST(N'2022-03-02T00:00:00.000' AS DateTime), 0)
INSERT [dbo].[ClaimEmployee] ([Id], [Status], [Reason], [TotalCost], [EmployeeId], [PolicyId], [CreatedAt], [UpdatedAt], [IsDeleted]) VALUES (35, 3, N'Feeling unwell', CAST(2295.00 AS Decimal(12, 2)), 3, 13, CAST(N'2022-01-20T00:00:00.000' AS DateTime), CAST(N'2022-01-22T00:00:00.000' AS DateTime), 0)
INSERT [dbo].[ClaimEmployee] ([Id], [Status], [Reason], [TotalCost], [EmployeeId], [PolicyId], [CreatedAt], [UpdatedAt], [IsDeleted]) VALUES (36, 3, N'Feeling unwell', CAST(1028.00 AS Decimal(12, 2)), 15, 34, CAST(N'2022-01-11T00:00:00.000' AS DateTime), CAST(N'2022-01-13T00:00:00.000' AS DateTime), 0)
INSERT [dbo].[ClaimEmployee] ([Id], [Status], [Reason], [TotalCost], [EmployeeId], [PolicyId], [CreatedAt], [UpdatedAt], [IsDeleted]) VALUES (37, 3, N'Feeling unwell', CAST(3341.00 AS Decimal(12, 2)), 2, 16, CAST(N'2021-12-31T00:00:00.000' AS DateTime), CAST(N'2022-01-02T00:00:00.000' AS DateTime), 0)
INSERT [dbo].[ClaimEmployee] ([Id], [Status], [Reason], [TotalCost], [EmployeeId], [PolicyId], [CreatedAt], [UpdatedAt], [IsDeleted]) VALUES (38, 3, N'Feeling unwell', CAST(2540.00 AS Decimal(12, 2)), 19, 13, CAST(N'2022-03-01T00:00:00.000' AS DateTime), CAST(N'2022-03-03T00:00:00.000' AS DateTime), 0)
INSERT [dbo].[ClaimEmployee] ([Id], [Status], [Reason], [TotalCost], [EmployeeId], [PolicyId], [CreatedAt], [UpdatedAt], [IsDeleted]) VALUES (39, 3, N'Feeling unwell', CAST(4347.00 AS Decimal(12, 2)), 18, 7, CAST(N'2021-12-05T00:00:00.000' AS DateTime), CAST(N'2021-12-07T00:00:00.000' AS DateTime), 0)
INSERT [dbo].[ClaimEmployee] ([Id], [Status], [Reason], [TotalCost], [EmployeeId], [PolicyId], [CreatedAt], [UpdatedAt], [IsDeleted]) VALUES (40, 3, N'Feeling unwell', CAST(748.00 AS Decimal(12, 2)), 1, 31, CAST(N'2022-02-05T00:00:00.000' AS DateTime), CAST(N'2022-02-07T00:00:00.000' AS DateTime), 0)
INSERT [dbo].[ClaimEmployee] ([Id], [Status], [Reason], [TotalCost], [EmployeeId], [PolicyId], [CreatedAt], [UpdatedAt], [IsDeleted]) VALUES (41, 3, N'Feeling unwell', CAST(1056.00 AS Decimal(12, 2)), 3, 8, CAST(N'2022-02-19T00:00:00.000' AS DateTime), CAST(N'2022-02-21T00:00:00.000' AS DateTime), 0)
INSERT [dbo].[ClaimEmployee] ([Id], [Status], [Reason], [TotalCost], [EmployeeId], [PolicyId], [CreatedAt], [UpdatedAt], [IsDeleted]) VALUES (42, 3, N'Feeling unwell', CAST(260.00 AS Decimal(12, 2)), 8, 15, CAST(N'2022-01-11T00:00:00.000' AS DateTime), CAST(N'2022-01-13T00:00:00.000' AS DateTime), 0)
INSERT [dbo].[ClaimEmployee] ([Id], [Status], [Reason], [TotalCost], [EmployeeId], [PolicyId], [CreatedAt], [UpdatedAt], [IsDeleted]) VALUES (43, 3, N'Feeling unwell', CAST(1200.00 AS Decimal(12, 2)), 14, 2, CAST(N'2022-02-20T00:00:00.000' AS DateTime), CAST(N'2022-02-22T00:00:00.000' AS DateTime), 0)
INSERT [dbo].[ClaimEmployee] ([Id], [Status], [Reason], [TotalCost], [EmployeeId], [PolicyId], [CreatedAt], [UpdatedAt], [IsDeleted]) VALUES (44, 3, N'Feeling unwell', CAST(1617.00 AS Decimal(12, 2)), 7, 23, CAST(N'2022-02-19T00:00:00.000' AS DateTime), CAST(N'2022-02-21T00:00:00.000' AS DateTime), 0)
INSERT [dbo].[ClaimEmployee] ([Id], [Status], [Reason], [TotalCost], [EmployeeId], [PolicyId], [CreatedAt], [UpdatedAt], [IsDeleted]) VALUES (45, 3, N'Feeling unwell', CAST(2170.00 AS Decimal(12, 2)), 2, 3, CAST(N'2021-11-06T00:00:00.000' AS DateTime), CAST(N'2021-11-08T00:00:00.000' AS DateTime), 0)
INSERT [dbo].[ClaimEmployee] ([Id], [Status], [Reason], [TotalCost], [EmployeeId], [PolicyId], [CreatedAt], [UpdatedAt], [IsDeleted]) VALUES (46, 3, N'Feeling unwell', CAST(629.00 AS Decimal(12, 2)), 9, 34, CAST(N'2022-01-30T00:00:00.000' AS DateTime), CAST(N'2022-02-01T00:00:00.000' AS DateTime), 0)
INSERT [dbo].[ClaimEmployee] ([Id], [Status], [Reason], [TotalCost], [EmployeeId], [PolicyId], [CreatedAt], [UpdatedAt], [IsDeleted]) VALUES (47, 3, N'Feeling unwell', CAST(919.00 AS Decimal(12, 2)), 1, 25, CAST(N'2022-01-22T00:00:00.000' AS DateTime), CAST(N'2022-01-24T00:00:00.000' AS DateTime), 0)
INSERT [dbo].[ClaimEmployee] ([Id], [Status], [Reason], [TotalCost], [EmployeeId], [PolicyId], [CreatedAt], [UpdatedAt], [IsDeleted]) VALUES (48, 3, N'Feeling unwell', CAST(1112.00 AS Decimal(12, 2)), 10, 34, CAST(N'2022-02-02T00:00:00.000' AS DateTime), CAST(N'2022-02-04T00:00:00.000' AS DateTime), 0)
INSERT [dbo].[ClaimEmployee] ([Id], [Status], [Reason], [TotalCost], [EmployeeId], [PolicyId], [CreatedAt], [UpdatedAt], [IsDeleted]) VALUES (49, 3, N'Feeling unwell', CAST(2577.00 AS Decimal(12, 2)), 10, 6, CAST(N'2021-12-10T00:00:00.000' AS DateTime), CAST(N'2021-12-12T00:00:00.000' AS DateTime), 0)
INSERT [dbo].[ClaimEmployee] ([Id], [Status], [Reason], [TotalCost], [EmployeeId], [PolicyId], [CreatedAt], [UpdatedAt], [IsDeleted]) VALUES (50, 3, N'Feeling unwell', CAST(1027.00 AS Decimal(12, 2)), 19, 25, CAST(N'2022-02-06T00:00:00.000' AS DateTime), CAST(N'2022-02-08T00:00:00.000' AS DateTime), 0)
INSERT [dbo].[ClaimEmployee] ([Id], [Status], [Reason], [TotalCost], [EmployeeId], [PolicyId], [CreatedAt], [UpdatedAt], [IsDeleted]) VALUES (51, 3, N'Feeling unwell', CAST(686.00 AS Decimal(12, 2)), 3, 25, CAST(N'2022-01-25T00:00:00.000' AS DateTime), CAST(N'2022-01-27T00:00:00.000' AS DateTime), 0)
INSERT [dbo].[ClaimEmployee] ([Id], [Status], [Reason], [TotalCost], [EmployeeId], [PolicyId], [CreatedAt], [UpdatedAt], [IsDeleted]) VALUES (52, 3, N'Feeling unwell', CAST(377.00 AS Decimal(12, 2)), 13, 15, CAST(N'2022-02-27T00:00:00.000' AS DateTime), CAST(N'2022-03-01T00:00:00.000' AS DateTime), 0)
INSERT [dbo].[ClaimEmployee] ([Id], [Status], [Reason], [TotalCost], [EmployeeId], [PolicyId], [CreatedAt], [UpdatedAt], [IsDeleted]) VALUES (53, 3, N'Feeling unwell', CAST(828.00 AS Decimal(12, 2)), 15, 14, CAST(N'2022-02-01T00:00:00.000' AS DateTime), CAST(N'2022-02-03T00:00:00.000' AS DateTime), 0)
INSERT [dbo].[ClaimEmployee] ([Id], [Status], [Reason], [TotalCost], [EmployeeId], [PolicyId], [CreatedAt], [UpdatedAt], [IsDeleted]) VALUES (54, 3, N'Feeling unwell', CAST(5857.00 AS Decimal(12, 2)), 18, 7, CAST(N'2022-01-28T00:00:00.000' AS DateTime), CAST(N'2022-01-30T00:00:00.000' AS DateTime), 0)
INSERT [dbo].[ClaimEmployee] ([Id], [Status], [Reason], [TotalCost], [EmployeeId], [PolicyId], [CreatedAt], [UpdatedAt], [IsDeleted]) VALUES (55, 3, N'Feeling unwell', CAST(396.00 AS Decimal(12, 2)), 16, 15, CAST(N'2022-01-16T00:00:00.000' AS DateTime), CAST(N'2022-01-18T00:00:00.000' AS DateTime), 0)
INSERT [dbo].[ClaimEmployee] ([Id], [Status], [Reason], [TotalCost], [EmployeeId], [PolicyId], [CreatedAt], [UpdatedAt], [IsDeleted]) VALUES (56, 3, N'Feeling unwell', CAST(1096.00 AS Decimal(12, 2)), 12, 11, CAST(N'2022-01-07T00:00:00.000' AS DateTime), CAST(N'2022-01-09T00:00:00.000' AS DateTime), 0)
INSERT [dbo].[ClaimEmployee] ([Id], [Status], [Reason], [TotalCost], [EmployeeId], [PolicyId], [CreatedAt], [UpdatedAt], [IsDeleted]) VALUES (57, 3, N'Feeling unwell', CAST(2273.00 AS Decimal(12, 2)), 13, 6, CAST(N'2021-10-25T00:00:00.000' AS DateTime), CAST(N'2021-10-27T00:00:00.000' AS DateTime), 0)
INSERT [dbo].[ClaimEmployee] ([Id], [Status], [Reason], [TotalCost], [EmployeeId], [PolicyId], [CreatedAt], [UpdatedAt], [IsDeleted]) VALUES (58, 3, N'Feeling unwell', CAST(2180.00 AS Decimal(12, 2)), 19, 13, CAST(N'2022-01-25T00:00:00.000' AS DateTime), CAST(N'2022-01-27T00:00:00.000' AS DateTime), 0)
INSERT [dbo].[ClaimEmployee] ([Id], [Status], [Reason], [TotalCost], [EmployeeId], [PolicyId], [CreatedAt], [UpdatedAt], [IsDeleted]) VALUES (59, 3, N'Feeling unwell', CAST(532.00 AS Decimal(12, 2)), 1, 31, CAST(N'2022-02-26T00:00:00.000' AS DateTime), CAST(N'2022-02-28T00:00:00.000' AS DateTime), 0)
INSERT [dbo].[ClaimEmployee] ([Id], [Status], [Reason], [TotalCost], [EmployeeId], [PolicyId], [CreatedAt], [UpdatedAt], [IsDeleted]) VALUES (60, 3, N'Feeling unwell', CAST(1711.00 AS Decimal(12, 2)), 3, 8, CAST(N'2021-12-29T00:00:00.000' AS DateTime), CAST(N'2021-12-31T00:00:00.000' AS DateTime), 0)
INSERT [dbo].[ClaimEmployee] ([Id], [Status], [Reason], [TotalCost], [EmployeeId], [PolicyId], [CreatedAt], [UpdatedAt], [IsDeleted]) VALUES (61, 3, N'Feeling unwell', CAST(2149.00 AS Decimal(12, 2)), 11, 13, CAST(N'2021-11-11T00:00:00.000' AS DateTime), CAST(N'2021-11-13T00:00:00.000' AS DateTime), 0)
INSERT [dbo].[ClaimEmployee] ([Id], [Status], [Reason], [TotalCost], [EmployeeId], [PolicyId], [CreatedAt], [UpdatedAt], [IsDeleted]) VALUES (62, 3, N'Feeling unwell', CAST(1418.00 AS Decimal(12, 2)), 8, 19, CAST(N'2022-01-20T00:00:00.000' AS DateTime), CAST(N'2022-01-22T00:00:00.000' AS DateTime), 0)
INSERT [dbo].[ClaimEmployee] ([Id], [Status], [Reason], [TotalCost], [EmployeeId], [PolicyId], [CreatedAt], [UpdatedAt], [IsDeleted]) VALUES (63, 3, N'Feeling unwell', CAST(1198.00 AS Decimal(12, 2)), 10, 34, CAST(N'2021-12-09T00:00:00.000' AS DateTime), CAST(N'2021-12-11T00:00:00.000' AS DateTime), 0)
INSERT [dbo].[ClaimEmployee] ([Id], [Status], [Reason], [TotalCost], [EmployeeId], [PolicyId], [CreatedAt], [UpdatedAt], [IsDeleted]) VALUES (64, 3, N'Feeling unwell', CAST(722.00 AS Decimal(12, 2)), 11, 34, CAST(N'2022-02-10T00:00:00.000' AS DateTime), CAST(N'2022-02-12T00:00:00.000' AS DateTime), 0)
INSERT [dbo].[ClaimEmployee] ([Id], [Status], [Reason], [TotalCost], [EmployeeId], [PolicyId], [CreatedAt], [UpdatedAt], [IsDeleted]) VALUES (65, 3, N'Feeling unwell', CAST(1935.00 AS Decimal(12, 2)), 11, 13, CAST(N'2021-11-02T00:00:00.000' AS DateTime), CAST(N'2021-11-04T00:00:00.000' AS DateTime), 0)
INSERT [dbo].[ClaimEmployee] ([Id], [Status], [Reason], [TotalCost], [EmployeeId], [PolicyId], [CreatedAt], [UpdatedAt], [IsDeleted]) VALUES (66, 3, N'Feeling unwell', CAST(1601.00 AS Decimal(12, 2)), 13, 6, CAST(N'2021-10-16T00:00:00.000' AS DateTime), CAST(N'2021-10-18T00:00:00.000' AS DateTime), 0)
INSERT [dbo].[ClaimEmployee] ([Id], [Status], [Reason], [TotalCost], [EmployeeId], [PolicyId], [CreatedAt], [UpdatedAt], [IsDeleted]) VALUES (67, 3, N'Feeling unwell', CAST(1133.00 AS Decimal(12, 2)), 17, 12, CAST(N'2022-02-28T00:00:00.000' AS DateTime), CAST(N'2022-03-02T00:00:00.000' AS DateTime), 0)
INSERT [dbo].[ClaimEmployee] ([Id], [Status], [Reason], [TotalCost], [EmployeeId], [PolicyId], [CreatedAt], [UpdatedAt], [IsDeleted]) VALUES (68, 3, N'Feeling unwell', CAST(1093.00 AS Decimal(12, 2)), 10, 19, CAST(N'2022-01-22T00:00:00.000' AS DateTime), CAST(N'2022-01-24T00:00:00.000' AS DateTime), 0)
INSERT [dbo].[ClaimEmployee] ([Id], [Status], [Reason], [TotalCost], [EmployeeId], [PolicyId], [CreatedAt], [UpdatedAt], [IsDeleted]) VALUES (69, 3, N'Feeling unwell', CAST(896.00 AS Decimal(12, 2)), 16, 31, CAST(N'2021-12-03T00:00:00.000' AS DateTime), CAST(N'2021-12-05T00:00:00.000' AS DateTime), 0)
INSERT [dbo].[ClaimEmployee] ([Id], [Status], [Reason], [TotalCost], [EmployeeId], [PolicyId], [CreatedAt], [UpdatedAt], [IsDeleted]) VALUES (70, 3, N'Feeling unwell', CAST(1109.00 AS Decimal(12, 2)), 17, 12, CAST(N'2021-12-29T00:00:00.000' AS DateTime), CAST(N'2021-12-31T00:00:00.000' AS DateTime), 0)
INSERT [dbo].[ClaimEmployee] ([Id], [Status], [Reason], [TotalCost], [EmployeeId], [PolicyId], [CreatedAt], [UpdatedAt], [IsDeleted]) VALUES (71, 3, N'Feeling unwell', CAST(954.00 AS Decimal(12, 2)), 14, 2, CAST(N'2022-02-02T00:00:00.000' AS DateTime), CAST(N'2022-02-04T00:00:00.000' AS DateTime), 0)
INSERT [dbo].[ClaimEmployee] ([Id], [Status], [Reason], [TotalCost], [EmployeeId], [PolicyId], [CreatedAt], [UpdatedAt], [IsDeleted]) VALUES (72, 3, N'Feeling unwell', CAST(1384.00 AS Decimal(12, 2)), 13, 27, CAST(N'2022-01-12T00:00:00.000' AS DateTime), CAST(N'2022-01-14T00:00:00.000' AS DateTime), 0)
INSERT [dbo].[ClaimEmployee] ([Id], [Status], [Reason], [TotalCost], [EmployeeId], [PolicyId], [CreatedAt], [UpdatedAt], [IsDeleted]) VALUES (73, 3, N'Feeling unwell', CAST(1801.00 AS Decimal(12, 2)), 6, 19, CAST(N'2022-01-27T00:00:00.000' AS DateTime), CAST(N'2022-01-29T00:00:00.000' AS DateTime), 0)
INSERT [dbo].[ClaimEmployee] ([Id], [Status], [Reason], [TotalCost], [EmployeeId], [PolicyId], [CreatedAt], [UpdatedAt], [IsDeleted]) VALUES (74, 3, N'Feeling unwell', CAST(1198.00 AS Decimal(12, 2)), 14, 2, CAST(N'2022-01-17T00:00:00.000' AS DateTime), CAST(N'2022-01-19T00:00:00.000' AS DateTime), 0)
INSERT [dbo].[ClaimEmployee] ([Id], [Status], [Reason], [TotalCost], [EmployeeId], [PolicyId], [CreatedAt], [UpdatedAt], [IsDeleted]) VALUES (75, 3, N'Feeling unwell', CAST(1505.00 AS Decimal(12, 2)), 4, 8, CAST(N'2022-02-02T00:00:00.000' AS DateTime), CAST(N'2022-02-04T00:00:00.000' AS DateTime), 0)
INSERT [dbo].[ClaimEmployee] ([Id], [Status], [Reason], [TotalCost], [EmployeeId], [PolicyId], [CreatedAt], [UpdatedAt], [IsDeleted]) VALUES (76, 3, N'Feeling unwell', CAST(347.00 AS Decimal(12, 2)), 8, 15, CAST(N'2022-02-15T00:00:00.000' AS DateTime), CAST(N'2022-02-17T00:00:00.000' AS DateTime), 0)
INSERT [dbo].[ClaimEmployee] ([Id], [Status], [Reason], [TotalCost], [EmployeeId], [PolicyId], [CreatedAt], [UpdatedAt], [IsDeleted]) VALUES (77, 3, N'Feeling unwell', CAST(641.00 AS Decimal(12, 2)), 1, 25, CAST(N'2022-02-06T00:00:00.000' AS DateTime), CAST(N'2022-02-08T00:00:00.000' AS DateTime), 0)
INSERT [dbo].[ClaimEmployee] ([Id], [Status], [Reason], [TotalCost], [EmployeeId], [PolicyId], [CreatedAt], [UpdatedAt], [IsDeleted]) VALUES (78, 3, N'Feeling unwell', CAST(3003.00 AS Decimal(12, 2)), 9, 7, CAST(N'2022-03-01T00:00:00.000' AS DateTime), CAST(N'2022-03-03T00:00:00.000' AS DateTime), 0)
INSERT [dbo].[ClaimEmployee] ([Id], [Status], [Reason], [TotalCost], [EmployeeId], [PolicyId], [CreatedAt], [UpdatedAt], [IsDeleted]) VALUES (79, 3, N'Feeling unwell', CAST(2523.00 AS Decimal(12, 2)), 2, 3, CAST(N'2021-12-13T00:00:00.000' AS DateTime), CAST(N'2021-12-15T00:00:00.000' AS DateTime), 0)
INSERT [dbo].[ClaimEmployee] ([Id], [Status], [Reason], [TotalCost], [EmployeeId], [PolicyId], [CreatedAt], [UpdatedAt], [IsDeleted]) VALUES (80, 3, N'Feeling unwell', CAST(816.00 AS Decimal(12, 2)), 9, 34, CAST(N'2022-02-05T00:00:00.000' AS DateTime), CAST(N'2022-02-07T00:00:00.000' AS DateTime), 0)
INSERT [dbo].[ClaimEmployee] ([Id], [Status], [Reason], [TotalCost], [EmployeeId], [PolicyId], [CreatedAt], [UpdatedAt], [IsDeleted]) VALUES (81, 3, N'Feeling unwell', CAST(336.00 AS Decimal(12, 2)), 4, 15, CAST(N'2022-01-13T00:00:00.000' AS DateTime), CAST(N'2022-01-15T00:00:00.000' AS DateTime), 0)
INSERT [dbo].[ClaimEmployee] ([Id], [Status], [Reason], [TotalCost], [EmployeeId], [PolicyId], [CreatedAt], [UpdatedAt], [IsDeleted]) VALUES (82, 3, N'Feeling unwell', CAST(1961.00 AS Decimal(12, 2)), 7, 33, CAST(N'2022-01-10T00:00:00.000' AS DateTime), CAST(N'2022-01-12T00:00:00.000' AS DateTime), 0)
INSERT [dbo].[ClaimEmployee] ([Id], [Status], [Reason], [TotalCost], [EmployeeId], [PolicyId], [CreatedAt], [UpdatedAt], [IsDeleted]) VALUES (83, 3, N'Feeling unwell', CAST(690.00 AS Decimal(12, 2)), 15, 34, CAST(N'2022-02-14T00:00:00.000' AS DateTime), CAST(N'2022-02-16T00:00:00.000' AS DateTime), 0)
INSERT [dbo].[ClaimEmployee] ([Id], [Status], [Reason], [TotalCost], [EmployeeId], [PolicyId], [CreatedAt], [UpdatedAt], [IsDeleted]) VALUES (84, 3, N'Feeling unwell', CAST(219.00 AS Decimal(12, 2)), 1, 15, CAST(N'2022-03-01T00:00:00.000' AS DateTime), CAST(N'2022-03-03T00:00:00.000' AS DateTime), 0)
INSERT [dbo].[ClaimEmployee] ([Id], [Status], [Reason], [TotalCost], [EmployeeId], [PolicyId], [CreatedAt], [UpdatedAt], [IsDeleted]) VALUES (85, 3, N'Feeling unwell', CAST(1156.00 AS Decimal(12, 2)), 9, 19, CAST(N'2022-01-06T00:00:00.000' AS DateTime), CAST(N'2022-01-08T00:00:00.000' AS DateTime), 0)
INSERT [dbo].[ClaimEmployee] ([Id], [Status], [Reason], [TotalCost], [EmployeeId], [PolicyId], [CreatedAt], [UpdatedAt], [IsDeleted]) VALUES (86, 3, N'Feeling unwell', CAST(1056.00 AS Decimal(12, 2)), 10, 11, CAST(N'2022-01-13T00:00:00.000' AS DateTime), CAST(N'2022-01-15T00:00:00.000' AS DateTime), 0)
INSERT [dbo].[ClaimEmployee] ([Id], [Status], [Reason], [TotalCost], [EmployeeId], [PolicyId], [CreatedAt], [UpdatedAt], [IsDeleted]) VALUES (87, 3, N'Feeling unwell', CAST(1141.00 AS Decimal(12, 2)), 12, 26, CAST(N'2022-02-10T00:00:00.000' AS DateTime), CAST(N'2022-02-12T00:00:00.000' AS DateTime), 0)
INSERT [dbo].[ClaimEmployee] ([Id], [Status], [Reason], [TotalCost], [EmployeeId], [PolicyId], [CreatedAt], [UpdatedAt], [IsDeleted]) VALUES (88, 3, N'Feeling unwell', CAST(1529.00 AS Decimal(12, 2)), 5, 8, CAST(N'2022-01-09T00:00:00.000' AS DateTime), CAST(N'2022-01-11T00:00:00.000' AS DateTime), 0)
INSERT [dbo].[ClaimEmployee] ([Id], [Status], [Reason], [TotalCost], [EmployeeId], [PolicyId], [CreatedAt], [UpdatedAt], [IsDeleted]) VALUES (89, 3, N'Feeling unwell', CAST(1842.00 AS Decimal(12, 2)), 19, 1, CAST(N'2021-11-23T00:00:00.000' AS DateTime), CAST(N'2021-11-25T00:00:00.000' AS DateTime), 0)
INSERT [dbo].[ClaimEmployee] ([Id], [Status], [Reason], [TotalCost], [EmployeeId], [PolicyId], [CreatedAt], [UpdatedAt], [IsDeleted]) VALUES (90, 3, N'Feeling unwell', CAST(1596.00 AS Decimal(12, 2)), 4, 8, CAST(N'2022-02-22T00:00:00.000' AS DateTime), CAST(N'2022-02-24T00:00:00.000' AS DateTime), 0)
INSERT [dbo].[ClaimEmployee] ([Id], [Status], [Reason], [TotalCost], [EmployeeId], [PolicyId], [CreatedAt], [UpdatedAt], [IsDeleted]) VALUES (91, 3, N'Feeling unwell', CAST(2935.00 AS Decimal(12, 2)), 10, 6, CAST(N'2021-12-10T00:00:00.000' AS DateTime), CAST(N'2021-12-12T00:00:00.000' AS DateTime), 0)
INSERT [dbo].[ClaimEmployee] ([Id], [Status], [Reason], [TotalCost], [EmployeeId], [PolicyId], [CreatedAt], [UpdatedAt], [IsDeleted]) VALUES (92, 3, N'Feeling unwell', CAST(1241.00 AS Decimal(12, 2)), 14, 14, CAST(N'2021-12-05T00:00:00.000' AS DateTime), CAST(N'2021-12-07T00:00:00.000' AS DateTime), 0)
INSERT [dbo].[ClaimEmployee] ([Id], [Status], [Reason], [TotalCost], [EmployeeId], [PolicyId], [CreatedAt], [UpdatedAt], [IsDeleted]) VALUES (93, 3, N'Feeling unwell', CAST(654.00 AS Decimal(12, 2)), 3, 25, CAST(N'2022-01-05T00:00:00.000' AS DateTime), CAST(N'2022-01-07T00:00:00.000' AS DateTime), 0)
INSERT [dbo].[ClaimEmployee] ([Id], [Status], [Reason], [TotalCost], [EmployeeId], [PolicyId], [CreatedAt], [UpdatedAt], [IsDeleted]) VALUES (94, 3, N'Feeling unwell', CAST(1072.00 AS Decimal(12, 2)), 19, 1, CAST(N'2021-11-05T00:00:00.000' AS DateTime), CAST(N'2021-11-07T00:00:00.000' AS DateTime), 0)
INSERT [dbo].[ClaimEmployee] ([Id], [Status], [Reason], [TotalCost], [EmployeeId], [PolicyId], [CreatedAt], [UpdatedAt], [IsDeleted]) VALUES (96, 2, N'Feeling unwell', CAST(365.00 AS Decimal(12, 2)), 4, 15, CAST(N'2022-03-06T11:31:56.897' AS DateTime), CAST(N'2022-03-07T12:31:56.897' AS DateTime), 0)
INSERT [dbo].[ClaimEmployee] ([Id], [Status], [Reason], [TotalCost], [EmployeeId], [PolicyId], [CreatedAt], [UpdatedAt], [IsDeleted]) VALUES (97, 2, N'Feeling unwell', CAST(344.00 AS Decimal(12, 2)), 1, 15, CAST(N'2022-03-06T21:31:56.897' AS DateTime), CAST(N'2022-03-07T12:31:56.897' AS DateTime), 0)
INSERT [dbo].[ClaimEmployee] ([Id], [Status], [Reason], [TotalCost], [EmployeeId], [PolicyId], [CreatedAt], [UpdatedAt], [IsDeleted]) VALUES (98, 2, N'Feeling unwell', CAST(1942.00 AS Decimal(12, 2)), 3, 13, CAST(N'2022-03-06T18:31:56.897' AS DateTime), CAST(N'2022-03-07T12:31:56.897' AS DateTime), 0)
INSERT [dbo].[ClaimEmployee] ([Id], [Status], [Reason], [TotalCost], [EmployeeId], [PolicyId], [CreatedAt], [UpdatedAt], [IsDeleted]) VALUES (99, 1, N'Feeling unwell', CAST(1953.00 AS Decimal(12, 2)), 19, 1, CAST(N'2022-01-16T01:31:56.897' AS DateTime), CAST(N'2022-03-06T01:53:31.810' AS DateTime), 0)
INSERT [dbo].[ClaimEmployee] ([Id], [Status], [Reason], [TotalCost], [EmployeeId], [PolicyId], [CreatedAt], [UpdatedAt], [IsDeleted]) VALUES (100, 1, N'Feeling unwell', CAST(1078.00 AS Decimal(12, 2)), 5, 8, CAST(N'2022-01-15T14:31:56.897' AS DateTime), CAST(N'2022-03-06T01:53:46.993' AS DateTime), 0)
SET IDENTITY_INSERT [dbo].[ClaimEmployee] OFF
GO
INSERT [dbo].[Contract] ([EmployeeId], [Name], [Description], [TotalAmount], [CreatedAt], [UpdatedAt], [IsDeleted]) VALUES (1, N'HD1', NULL, CAST(2100.00 AS Decimal(12, 2)), CAST(N'2021-08-27T00:00:00.000' AS DateTime), CAST(N'2022-02-27T00:00:00.000' AS DateTime), 0)
INSERT [dbo].[Contract] ([EmployeeId], [Name], [Description], [TotalAmount], [CreatedAt], [UpdatedAt], [IsDeleted]) VALUES (2, N'HD2', NULL, CAST(5200.00 AS Decimal(12, 2)), CAST(N'2021-08-28T00:00:00.000' AS DateTime), CAST(N'2022-02-28T00:00:00.000' AS DateTime), 0)
INSERT [dbo].[Contract] ([EmployeeId], [Name], [Description], [TotalAmount], [CreatedAt], [UpdatedAt], [IsDeleted]) VALUES (3, N'HD3', NULL, CAST(3999.00 AS Decimal(12, 2)), CAST(N'2021-08-28T00:00:00.000' AS DateTime), CAST(N'2022-02-28T00:00:00.000' AS DateTime), 0)
INSERT [dbo].[Contract] ([EmployeeId], [Name], [Description], [TotalAmount], [CreatedAt], [UpdatedAt], [IsDeleted]) VALUES (4, N'HD4', NULL, CAST(3888.00 AS Decimal(12, 2)), CAST(N'2021-09-01T00:00:00.000' AS DateTime), CAST(N'2022-03-02T00:00:00.000' AS DateTime), 0)
INSERT [dbo].[Contract] ([EmployeeId], [Name], [Description], [TotalAmount], [CreatedAt], [UpdatedAt], [IsDeleted]) VALUES (5, N'HD5', NULL, CAST(3550.00 AS Decimal(12, 2)), CAST(N'2021-09-01T00:00:00.000' AS DateTime), CAST(N'2022-03-02T00:00:00.000' AS DateTime), 0)
INSERT [dbo].[Contract] ([EmployeeId], [Name], [Description], [TotalAmount], [CreatedAt], [UpdatedAt], [IsDeleted]) VALUES (6, N'HD6', NULL, CAST(4199.00 AS Decimal(12, 2)), CAST(N'2021-09-02T00:00:00.000' AS DateTime), CAST(N'2022-03-03T00:00:00.000' AS DateTime), 0)
INSERT [dbo].[Contract] ([EmployeeId], [Name], [Description], [TotalAmount], [CreatedAt], [UpdatedAt], [IsDeleted]) VALUES (7, N'HD7', NULL, CAST(3749.00 AS Decimal(12, 2)), CAST(N'2021-09-02T00:00:00.000' AS DateTime), CAST(N'2022-03-03T00:00:00.000' AS DateTime), 0)
INSERT [dbo].[Contract] ([EmployeeId], [Name], [Description], [TotalAmount], [CreatedAt], [UpdatedAt], [IsDeleted]) VALUES (8, N'HD8', NULL, CAST(2950.00 AS Decimal(12, 2)), CAST(N'2021-09-02T00:00:00.000' AS DateTime), CAST(N'2022-03-03T00:00:00.000' AS DateTime), 0)
INSERT [dbo].[Contract] ([EmployeeId], [Name], [Description], [TotalAmount], [CreatedAt], [UpdatedAt], [IsDeleted]) VALUES (9, N'HD9', NULL, CAST(5250.00 AS Decimal(12, 2)), CAST(N'2021-09-02T00:00:00.000' AS DateTime), CAST(N'2022-03-03T00:00:00.000' AS DateTime), 0)
INSERT [dbo].[Contract] ([EmployeeId], [Name], [Description], [TotalAmount], [CreatedAt], [UpdatedAt], [IsDeleted]) VALUES (10, N'HD10', NULL, CAST(3750.00 AS Decimal(12, 2)), CAST(N'2021-09-12T00:00:00.000' AS DateTime), CAST(N'2022-03-03T00:00:00.000' AS DateTime), 0)
INSERT [dbo].[Contract] ([EmployeeId], [Name], [Description], [TotalAmount], [CreatedAt], [UpdatedAt], [IsDeleted]) VALUES (11, N'HD11', NULL, CAST(4000.00 AS Decimal(12, 2)), CAST(N'2021-09-08T00:00:00.000' AS DateTime), CAST(N'2022-03-03T00:00:00.000' AS DateTime), 0)
INSERT [dbo].[Contract] ([EmployeeId], [Name], [Description], [TotalAmount], [CreatedAt], [UpdatedAt], [IsDeleted]) VALUES (12, N'HD12', NULL, CAST(3038.00 AS Decimal(12, 2)), CAST(N'2021-09-02T00:00:00.000' AS DateTime), CAST(N'2022-03-03T00:00:00.000' AS DateTime), 0)
INSERT [dbo].[Contract] ([EmployeeId], [Name], [Description], [TotalAmount], [CreatedAt], [UpdatedAt], [IsDeleted]) VALUES (13, N'HD13', NULL, CAST(3600.00 AS Decimal(12, 2)), CAST(N'2021-09-02T00:00:00.000' AS DateTime), CAST(N'2022-03-03T00:00:00.000' AS DateTime), 0)
INSERT [dbo].[Contract] ([EmployeeId], [Name], [Description], [TotalAmount], [CreatedAt], [UpdatedAt], [IsDeleted]) VALUES (14, N'HD14', NULL, CAST(2550.00 AS Decimal(12, 2)), CAST(N'2021-09-02T00:00:00.000' AS DateTime), CAST(N'2022-03-03T00:00:00.000' AS DateTime), 0)
INSERT [dbo].[Contract] ([EmployeeId], [Name], [Description], [TotalAmount], [CreatedAt], [UpdatedAt], [IsDeleted]) VALUES (15, N'HD15', NULL, CAST(3350.00 AS Decimal(12, 2)), CAST(N'2021-09-02T00:00:00.000' AS DateTime), CAST(N'2022-03-03T00:00:00.000' AS DateTime), 0)
INSERT [dbo].[Contract] ([EmployeeId], [Name], [Description], [TotalAmount], [CreatedAt], [UpdatedAt], [IsDeleted]) VALUES (16, N'HD16', NULL, CAST(3300.00 AS Decimal(12, 2)), CAST(N'2021-09-02T00:00:00.000' AS DateTime), CAST(N'2022-03-03T00:00:00.000' AS DateTime), 0)
INSERT [dbo].[Contract] ([EmployeeId], [Name], [Description], [TotalAmount], [CreatedAt], [UpdatedAt], [IsDeleted]) VALUES (17, N'HD17', NULL, CAST(2800.00 AS Decimal(12, 2)), CAST(N'2021-09-02T00:00:00.000' AS DateTime), CAST(N'2022-03-03T00:00:00.000' AS DateTime), 0)
INSERT [dbo].[Contract] ([EmployeeId], [Name], [Description], [TotalAmount], [CreatedAt], [UpdatedAt], [IsDeleted]) VALUES (18, N'HD18', NULL, CAST(4050.00 AS Decimal(12, 2)), CAST(N'2021-09-02T00:00:00.000' AS DateTime), CAST(N'2022-03-03T00:00:00.000' AS DateTime), 0)
INSERT [dbo].[Contract] ([EmployeeId], [Name], [Description], [TotalAmount], [CreatedAt], [UpdatedAt], [IsDeleted]) VALUES (19, N'HD19', NULL, CAST(3999.00 AS Decimal(12, 2)), CAST(N'2021-09-02T00:00:00.000' AS DateTime), CAST(N'2022-03-03T00:00:00.000' AS DateTime), 0)
GO
SET IDENTITY_INSERT [dbo].[ContractPolicy] ON 

INSERT [dbo].[ContractPolicy] ([Id], [ContractId], [PolicyId], [Description], [StartDate], [EndDate], [PaymentStatus], [CreatedAt], [UpdatedAt], [IsDeleted]) VALUES (1, 1, 25, N'The cost of medical services is always quite high', CAST(N'2021-12-31T00:00:00.000' AS DateTime), CAST(N'2022-06-29T00:00:00.000' AS DateTime), 1, CAST(N'2021-12-31T00:00:00.000' AS DateTime), CAST(N'2022-03-06T01:32:10.357' AS DateTime), 0)
INSERT [dbo].[ContractPolicy] ([Id], [ContractId], [PolicyId], [Description], [StartDate], [EndDate], [PaymentStatus], [CreatedAt], [UpdatedAt], [IsDeleted]) VALUES (2, 2, 25, N'The cost of medical services is always quite high', CAST(N'2021-12-04T00:00:00.000' AS DateTime), CAST(N'2022-06-02T00:00:00.000' AS DateTime), 1, CAST(N'2021-12-04T00:00:00.000' AS DateTime), CAST(N'2022-03-06T01:32:10.360' AS DateTime), 0)
INSERT [dbo].[ContractPolicy] ([Id], [ContractId], [PolicyId], [Description], [StartDate], [EndDate], [PaymentStatus], [CreatedAt], [UpdatedAt], [IsDeleted]) VALUES (3, 3, 25, N'The cost of medical services is always quite high', CAST(N'2022-01-01T00:00:00.000' AS DateTime), CAST(N'2022-06-30T00:00:00.000' AS DateTime), 1, CAST(N'2022-01-01T00:00:00.000' AS DateTime), CAST(N'2022-03-06T01:32:10.360' AS DateTime), 0)
INSERT [dbo].[ContractPolicy] ([Id], [ContractId], [PolicyId], [Description], [StartDate], [EndDate], [PaymentStatus], [CreatedAt], [UpdatedAt], [IsDeleted]) VALUES (4, 4, 26, N'The cost of medical services is always quite high', CAST(N'2021-11-08T00:00:00.000' AS DateTime), CAST(N'2022-11-08T00:00:00.000' AS DateTime), 1, CAST(N'2021-11-08T00:00:00.000' AS DateTime), CAST(N'2022-03-06T01:32:10.360' AS DateTime), 0)
INSERT [dbo].[ContractPolicy] ([Id], [ContractId], [PolicyId], [Description], [StartDate], [EndDate], [PaymentStatus], [CreatedAt], [UpdatedAt], [IsDeleted]) VALUES (5, 5, 23, N'The cost of medical services is always quite high', CAST(N'2021-11-01T00:00:00.000' AS DateTime), CAST(N'2022-04-30T00:00:00.000' AS DateTime), 1, CAST(N'2021-11-01T00:00:00.000' AS DateTime), CAST(N'2022-03-06T01:32:10.360' AS DateTime), 0)
INSERT [dbo].[ContractPolicy] ([Id], [ContractId], [PolicyId], [Description], [StartDate], [EndDate], [PaymentStatus], [CreatedAt], [UpdatedAt], [IsDeleted]) VALUES (6, 6, 19, N'The cost of medical services is always quite high', CAST(N'2022-01-29T00:00:00.000' AS DateTime), CAST(N'2023-01-29T00:00:00.000' AS DateTime), 1, CAST(N'2022-01-29T00:00:00.000' AS DateTime), CAST(N'2022-03-06T01:32:10.363' AS DateTime), 0)
INSERT [dbo].[ContractPolicy] ([Id], [ContractId], [PolicyId], [Description], [StartDate], [EndDate], [PaymentStatus], [CreatedAt], [UpdatedAt], [IsDeleted]) VALUES (7, 7, 23, N'The cost of medical services is always quite high', CAST(N'2021-10-28T00:00:00.000' AS DateTime), CAST(N'2022-04-26T00:00:00.000' AS DateTime), 1, CAST(N'2021-10-28T00:00:00.000' AS DateTime), CAST(N'2022-03-06T01:32:10.363' AS DateTime), 0)
INSERT [dbo].[ContractPolicy] ([Id], [ContractId], [PolicyId], [Description], [StartDate], [EndDate], [PaymentStatus], [CreatedAt], [UpdatedAt], [IsDeleted]) VALUES (8, 8, 19, N'The cost of medical services is always quite high', CAST(N'2022-01-30T00:00:00.000' AS DateTime), CAST(N'2023-01-30T00:00:00.000' AS DateTime), 1, CAST(N'2022-01-30T00:00:00.000' AS DateTime), CAST(N'2022-03-06T01:32:10.370' AS DateTime), 0)
INSERT [dbo].[ContractPolicy] ([Id], [ContractId], [PolicyId], [Description], [StartDate], [EndDate], [PaymentStatus], [CreatedAt], [UpdatedAt], [IsDeleted]) VALUES (9, 9, 19, N'The cost of medical services is always quite high', CAST(N'2022-02-02T00:00:00.000' AS DateTime), CAST(N'2023-02-02T00:00:00.000' AS DateTime), 1, CAST(N'2022-02-02T00:00:00.000' AS DateTime), CAST(N'2022-03-06T01:32:10.370' AS DateTime), 0)
INSERT [dbo].[ContractPolicy] ([Id], [ContractId], [PolicyId], [Description], [StartDate], [EndDate], [PaymentStatus], [CreatedAt], [UpdatedAt], [IsDeleted]) VALUES (10, 10, 19, N'The cost of medical services is always quite high', CAST(N'2022-03-10T00:00:00.000' AS DateTime), CAST(N'2023-03-10T00:00:00.000' AS DateTime), 1, CAST(N'2022-03-10T00:00:00.000' AS DateTime), CAST(N'2022-03-06T01:32:10.373' AS DateTime), 0)
INSERT [dbo].[ContractPolicy] ([Id], [ContractId], [PolicyId], [Description], [StartDate], [EndDate], [PaymentStatus], [CreatedAt], [UpdatedAt], [IsDeleted]) VALUES (11, 11, 19, N'The cost of medical services is always quite high', CAST(N'2021-09-26T00:00:00.000' AS DateTime), CAST(N'2022-09-26T00:00:00.000' AS DateTime), 1, CAST(N'2021-09-26T00:00:00.000' AS DateTime), CAST(N'2022-03-06T01:32:10.373' AS DateTime), 0)
INSERT [dbo].[ContractPolicy] ([Id], [ContractId], [PolicyId], [Description], [StartDate], [EndDate], [PaymentStatus], [CreatedAt], [UpdatedAt], [IsDeleted]) VALUES (12, 12, 26, N'The cost of medical services is always quite high', CAST(N'2021-10-30T00:00:00.000' AS DateTime), CAST(N'2022-10-30T00:00:00.000' AS DateTime), 1, CAST(N'2021-10-30T00:00:00.000' AS DateTime), CAST(N'2022-03-06T01:32:10.373' AS DateTime), 0)
INSERT [dbo].[ContractPolicy] ([Id], [ContractId], [PolicyId], [Description], [StartDate], [EndDate], [PaymentStatus], [CreatedAt], [UpdatedAt], [IsDeleted]) VALUES (13, 13, 19, N'The cost of medical services is always quite high', CAST(N'2021-11-12T00:00:00.000' AS DateTime), CAST(N'2022-11-12T00:00:00.000' AS DateTime), 1, CAST(N'2021-11-12T00:00:00.000' AS DateTime), CAST(N'2022-03-06T01:32:10.373' AS DateTime), 0)
INSERT [dbo].[ContractPolicy] ([Id], [ContractId], [PolicyId], [Description], [StartDate], [EndDate], [PaymentStatus], [CreatedAt], [UpdatedAt], [IsDeleted]) VALUES (14, 14, 22, N'The cost of medical services is always quite high', CAST(N'2022-01-28T00:00:00.000' AS DateTime), CAST(N'2023-01-28T00:00:00.000' AS DateTime), 1, CAST(N'2022-01-28T00:00:00.000' AS DateTime), CAST(N'2022-03-06T01:32:10.377' AS DateTime), 0)
INSERT [dbo].[ContractPolicy] ([Id], [ContractId], [PolicyId], [Description], [StartDate], [EndDate], [PaymentStatus], [CreatedAt], [UpdatedAt], [IsDeleted]) VALUES (15, 15, 25, N'The cost of medical services is always quite high', CAST(N'2022-01-23T00:00:00.000' AS DateTime), CAST(N'2022-07-22T00:00:00.000' AS DateTime), 1, CAST(N'2022-01-23T00:00:00.000' AS DateTime), CAST(N'2022-03-06T01:32:10.377' AS DateTime), 0)
INSERT [dbo].[ContractPolicy] ([Id], [ContractId], [PolicyId], [Description], [StartDate], [EndDate], [PaymentStatus], [CreatedAt], [UpdatedAt], [IsDeleted]) VALUES (16, 16, 22, N'The cost of medical services is always quite high', CAST(N'2021-10-26T00:00:00.000' AS DateTime), CAST(N'2022-10-26T00:00:00.000' AS DateTime), 1, CAST(N'2021-10-26T00:00:00.000' AS DateTime), CAST(N'2022-03-06T01:32:10.377' AS DateTime), 0)
INSERT [dbo].[ContractPolicy] ([Id], [ContractId], [PolicyId], [Description], [StartDate], [EndDate], [PaymentStatus], [CreatedAt], [UpdatedAt], [IsDeleted]) VALUES (17, 17, 25, N'The cost of medical services is always quite high', CAST(N'2021-12-20T00:00:00.000' AS DateTime), CAST(N'2022-06-18T00:00:00.000' AS DateTime), 1, CAST(N'2021-12-20T00:00:00.000' AS DateTime), CAST(N'2022-03-06T01:32:10.377' AS DateTime), 0)
INSERT [dbo].[ContractPolicy] ([Id], [ContractId], [PolicyId], [Description], [StartDate], [EndDate], [PaymentStatus], [CreatedAt], [UpdatedAt], [IsDeleted]) VALUES (18, 18, 25, N'The cost of medical services is always quite high', CAST(N'2021-10-21T00:00:00.000' AS DateTime), CAST(N'2022-04-19T00:00:00.000' AS DateTime), 1, CAST(N'2021-10-21T00:00:00.000' AS DateTime), CAST(N'2022-03-06T01:32:10.377' AS DateTime), 0)
INSERT [dbo].[ContractPolicy] ([Id], [ContractId], [PolicyId], [Description], [StartDate], [EndDate], [PaymentStatus], [CreatedAt], [UpdatedAt], [IsDeleted]) VALUES (19, 19, 25, N'The cost of medical services is always quite high', CAST(N'2021-10-25T00:00:00.000' AS DateTime), CAST(N'2022-04-23T00:00:00.000' AS DateTime), 1, CAST(N'2021-10-25T00:00:00.000' AS DateTime), CAST(N'2022-03-06T01:32:10.377' AS DateTime), 0)
INSERT [dbo].[ContractPolicy] ([Id], [ContractId], [PolicyId], [Description], [StartDate], [EndDate], [PaymentStatus], [CreatedAt], [UpdatedAt], [IsDeleted]) VALUES (21, 2, 3, N'Covid-19 epidemic is very serious', CAST(N'2021-10-12T00:00:00.000' AS DateTime), CAST(N'2022-04-10T00:00:00.000' AS DateTime), 1, CAST(N'2021-10-12T00:00:00.000' AS DateTime), CAST(N'2022-03-06T01:32:48.223' AS DateTime), 0)
INSERT [dbo].[ContractPolicy] ([Id], [ContractId], [PolicyId], [Description], [StartDate], [EndDate], [PaymentStatus], [CreatedAt], [UpdatedAt], [IsDeleted]) VALUES (22, 3, 8, N'Covid-19 epidemic is very serious', CAST(N'2021-12-12T00:00:00.000' AS DateTime), CAST(N'2022-06-10T00:00:00.000' AS DateTime), 1, CAST(N'2021-12-12T00:00:00.000' AS DateTime), CAST(N'2022-03-06T01:32:48.223' AS DateTime), 0)
INSERT [dbo].[ContractPolicy] ([Id], [ContractId], [PolicyId], [Description], [StartDate], [EndDate], [PaymentStatus], [CreatedAt], [UpdatedAt], [IsDeleted]) VALUES (23, 4, 8, N'Covid-19 epidemic is very serious', CAST(N'2022-02-15T00:00:00.000' AS DateTime), CAST(N'2022-08-14T00:00:00.000' AS DateTime), 1, CAST(N'2022-02-15T00:00:00.000' AS DateTime), CAST(N'2022-03-06T01:32:48.223' AS DateTime), 0)
INSERT [dbo].[ContractPolicy] ([Id], [ContractId], [PolicyId], [Description], [StartDate], [EndDate], [PaymentStatus], [CreatedAt], [UpdatedAt], [IsDeleted]) VALUES (24, 5, 8, N'Covid-19 epidemic is very serious', CAST(N'2022-01-19T00:00:00.000' AS DateTime), CAST(N'2022-07-18T00:00:00.000' AS DateTime), 1, CAST(N'2022-01-19T00:00:00.000' AS DateTime), CAST(N'2022-03-06T01:32:48.223' AS DateTime), 0)
INSERT [dbo].[ContractPolicy] ([Id], [ContractId], [PolicyId], [Description], [StartDate], [EndDate], [PaymentStatus], [CreatedAt], [UpdatedAt], [IsDeleted]) VALUES (25, 6, 3, N'Covid-19 epidemic is very serious', CAST(N'2021-10-20T00:00:00.000' AS DateTime), CAST(N'2022-04-18T00:00:00.000' AS DateTime), 1, CAST(N'2021-10-20T00:00:00.000' AS DateTime), CAST(N'2022-03-06T01:32:48.223' AS DateTime), 0)
INSERT [dbo].[ContractPolicy] ([Id], [ContractId], [PolicyId], [Description], [StartDate], [EndDate], [PaymentStatus], [CreatedAt], [UpdatedAt], [IsDeleted]) VALUES (26, 7, 2, N'Covid-19 epidemic is very serious', CAST(N'2021-10-21T00:00:00.000' AS DateTime), CAST(N'2022-10-21T00:00:00.000' AS DateTime), 1, CAST(N'2021-10-21T00:00:00.000' AS DateTime), CAST(N'2022-03-06T01:32:48.223' AS DateTime), 0)
INSERT [dbo].[ContractPolicy] ([Id], [ContractId], [PolicyId], [Description], [StartDate], [EndDate], [PaymentStatus], [CreatedAt], [UpdatedAt], [IsDeleted]) VALUES (27, 8, 6, N'Covid-19 epidemic is very serious', CAST(N'2021-09-24T00:00:00.000' AS DateTime), CAST(N'2022-09-24T00:00:00.000' AS DateTime), 1, CAST(N'2021-09-24T00:00:00.000' AS DateTime), CAST(N'2022-03-06T01:32:48.223' AS DateTime), 0)
INSERT [dbo].[ContractPolicy] ([Id], [ContractId], [PolicyId], [Description], [StartDate], [EndDate], [PaymentStatus], [CreatedAt], [UpdatedAt], [IsDeleted]) VALUES (28, 9, 7, N'Covid-19 epidemic is very serious', CAST(N'2021-12-09T00:00:00.000' AS DateTime), CAST(N'2023-11-29T00:00:00.000' AS DateTime), 1, CAST(N'2021-12-09T00:00:00.000' AS DateTime), CAST(N'2022-03-06T01:32:48.227' AS DateTime), 0)
INSERT [dbo].[ContractPolicy] ([Id], [ContractId], [PolicyId], [Description], [StartDate], [EndDate], [PaymentStatus], [CreatedAt], [UpdatedAt], [IsDeleted]) VALUES (29, 10, 6, N'Covid-19 epidemic is very serious', CAST(N'2021-10-05T00:00:00.000' AS DateTime), CAST(N'2022-10-05T00:00:00.000' AS DateTime), 1, CAST(N'2021-10-05T00:00:00.000' AS DateTime), CAST(N'2022-03-06T01:32:48.227' AS DateTime), 0)
INSERT [dbo].[ContractPolicy] ([Id], [ContractId], [PolicyId], [Description], [StartDate], [EndDate], [PaymentStatus], [CreatedAt], [UpdatedAt], [IsDeleted]) VALUES (30, 11, 1, N'Covid-19 epidemic is very serious', CAST(N'2021-10-04T00:00:00.000' AS DateTime), CAST(N'2022-04-02T00:00:00.000' AS DateTime), 1, CAST(N'2021-10-04T00:00:00.000' AS DateTime), CAST(N'2022-03-06T01:32:48.227' AS DateTime), 0)
INSERT [dbo].[ContractPolicy] ([Id], [ContractId], [PolicyId], [Description], [StartDate], [EndDate], [PaymentStatus], [CreatedAt], [UpdatedAt], [IsDeleted]) VALUES (31, 12, 1, N'Covid-19 epidemic is very serious', CAST(N'2021-09-09T00:00:00.000' AS DateTime), CAST(N'2022-03-08T00:00:00.000' AS DateTime), 1, CAST(N'2021-09-09T00:00:00.000' AS DateTime), CAST(N'2022-03-06T01:32:48.227' AS DateTime), 0)
INSERT [dbo].[ContractPolicy] ([Id], [ContractId], [PolicyId], [Description], [StartDate], [EndDate], [PaymentStatus], [CreatedAt], [UpdatedAt], [IsDeleted]) VALUES (32, 13, 6, N'Covid-19 epidemic is very serious', CAST(N'2021-09-08T00:00:00.000' AS DateTime), CAST(N'2022-09-08T00:00:00.000' AS DateTime), 1, CAST(N'2021-09-08T00:00:00.000' AS DateTime), CAST(N'2022-03-06T01:32:48.227' AS DateTime), 0)
INSERT [dbo].[ContractPolicy] ([Id], [ContractId], [PolicyId], [Description], [StartDate], [EndDate], [PaymentStatus], [CreatedAt], [UpdatedAt], [IsDeleted]) VALUES (33, 14, 2, N'Covid-19 epidemic is very serious', CAST(N'2021-12-27T00:00:00.000' AS DateTime), CAST(N'2022-12-27T00:00:00.000' AS DateTime), 1, CAST(N'2021-12-27T00:00:00.000' AS DateTime), CAST(N'2022-03-06T01:32:48.227' AS DateTime), 0)
INSERT [dbo].[ContractPolicy] ([Id], [ContractId], [PolicyId], [Description], [StartDate], [EndDate], [PaymentStatus], [CreatedAt], [UpdatedAt], [IsDeleted]) VALUES (34, 15, 6, N'Covid-19 epidemic is very serious', CAST(N'2021-11-08T00:00:00.000' AS DateTime), CAST(N'2022-11-08T00:00:00.000' AS DateTime), 1, CAST(N'2021-11-08T00:00:00.000' AS DateTime), CAST(N'2022-03-06T01:32:48.227' AS DateTime), 0)
INSERT [dbo].[ContractPolicy] ([Id], [ContractId], [PolicyId], [Description], [StartDate], [EndDate], [PaymentStatus], [CreatedAt], [UpdatedAt], [IsDeleted]) VALUES (35, 16, 3, N'Covid-19 epidemic is very serious', CAST(N'2021-09-13T00:00:00.000' AS DateTime), CAST(N'2022-03-12T00:00:00.000' AS DateTime), 1, CAST(N'2021-09-13T00:00:00.000' AS DateTime), CAST(N'2022-03-06T01:32:48.227' AS DateTime), 0)
INSERT [dbo].[ContractPolicy] ([Id], [ContractId], [PolicyId], [Description], [StartDate], [EndDate], [PaymentStatus], [CreatedAt], [UpdatedAt], [IsDeleted]) VALUES (36, 17, 8, N'Covid-19 epidemic is very serious', CAST(N'2021-12-07T00:00:00.000' AS DateTime), CAST(N'2022-06-05T00:00:00.000' AS DateTime), 1, CAST(N'2021-12-07T00:00:00.000' AS DateTime), CAST(N'2022-03-06T01:32:48.230' AS DateTime), 0)
INSERT [dbo].[ContractPolicy] ([Id], [ContractId], [PolicyId], [Description], [StartDate], [EndDate], [PaymentStatus], [CreatedAt], [UpdatedAt], [IsDeleted]) VALUES (37, 18, 7, N'Covid-19 epidemic is very serious', CAST(N'2021-10-31T00:00:00.000' AS DateTime), CAST(N'2023-10-21T00:00:00.000' AS DateTime), 1, CAST(N'2021-10-31T00:00:00.000' AS DateTime), CAST(N'2022-03-06T01:32:48.230' AS DateTime), 0)
INSERT [dbo].[ContractPolicy] ([Id], [ContractId], [PolicyId], [Description], [StartDate], [EndDate], [PaymentStatus], [CreatedAt], [UpdatedAt], [IsDeleted]) VALUES (38, 19, 1, N'Covid-19 epidemic is very serious', CAST(N'2021-09-04T00:00:00.000' AS DateTime), CAST(N'2022-03-03T00:00:00.000' AS DateTime), 1, CAST(N'2021-09-04T00:00:00.000' AS DateTime), CAST(N'2022-03-06T01:32:48.230' AS DateTime), 0)
INSERT [dbo].[ContractPolicy] ([Id], [ContractId], [PolicyId], [Description], [StartDate], [EndDate], [PaymentStatus], [CreatedAt], [UpdatedAt], [IsDeleted]) VALUES (39, 1, 31, N'Periodic health examination', CAST(N'2022-02-11T00:00:00.000' AS DateTime), CAST(N'2022-08-10T00:00:00.000' AS DateTime), 1, CAST(N'2022-02-11T00:00:00.000' AS DateTime), CAST(N'2022-03-06T01:33:46.570' AS DateTime), 0)
INSERT [dbo].[ContractPolicy] ([Id], [ContractId], [PolicyId], [Description], [StartDate], [EndDate], [PaymentStatus], [CreatedAt], [UpdatedAt], [IsDeleted]) VALUES (40, 2, 34, N'Periodic health examination', CAST(N'2021-12-02T00:00:00.000' AS DateTime), CAST(N'2022-05-31T00:00:00.000' AS DateTime), 1, CAST(N'2021-12-02T00:00:00.000' AS DateTime), CAST(N'2022-03-06T01:33:46.570' AS DateTime), 0)
INSERT [dbo].[ContractPolicy] ([Id], [ContractId], [PolicyId], [Description], [StartDate], [EndDate], [PaymentStatus], [CreatedAt], [UpdatedAt], [IsDeleted]) VALUES (41, 3, 33, N'Periodic health examination', CAST(N'2021-11-16T00:00:00.000' AS DateTime), CAST(N'2022-11-16T00:00:00.000' AS DateTime), 1, CAST(N'2021-11-16T00:00:00.000' AS DateTime), CAST(N'2022-03-06T01:33:46.570' AS DateTime), 0)
INSERT [dbo].[ContractPolicy] ([Id], [ContractId], [PolicyId], [Description], [StartDate], [EndDate], [PaymentStatus], [CreatedAt], [UpdatedAt], [IsDeleted]) VALUES (42, 4, 30, N'Periodic health examination', CAST(N'2021-11-08T00:00:00.000' AS DateTime), CAST(N'2023-10-29T00:00:00.000' AS DateTime), 1, CAST(N'2021-11-08T00:00:00.000' AS DateTime), CAST(N'2022-03-06T01:33:46.570' AS DateTime), 0)
INSERT [dbo].[ContractPolicy] ([Id], [ContractId], [PolicyId], [Description], [StartDate], [EndDate], [PaymentStatus], [CreatedAt], [UpdatedAt], [IsDeleted]) VALUES (43, 5, 34, N'Periodic health examination', CAST(N'2022-01-09T00:00:00.000' AS DateTime), CAST(N'2022-07-08T00:00:00.000' AS DateTime), 1, CAST(N'2022-01-09T00:00:00.000' AS DateTime), CAST(N'2022-03-06T01:33:46.570' AS DateTime), 0)
INSERT [dbo].[ContractPolicy] ([Id], [ContractId], [PolicyId], [Description], [StartDate], [EndDate], [PaymentStatus], [CreatedAt], [UpdatedAt], [IsDeleted]) VALUES (44, 6, 33, N'Periodic health examination', CAST(N'2022-02-04T00:00:00.000' AS DateTime), CAST(N'2023-02-04T00:00:00.000' AS DateTime), 1, CAST(N'2022-02-04T00:00:00.000' AS DateTime), CAST(N'2022-03-06T01:33:46.570' AS DateTime), 0)
INSERT [dbo].[ContractPolicy] ([Id], [ContractId], [PolicyId], [Description], [StartDate], [EndDate], [PaymentStatus], [CreatedAt], [UpdatedAt], [IsDeleted]) VALUES (45, 7, 33, N'Periodic health examination', CAST(N'2022-02-13T00:00:00.000' AS DateTime), CAST(N'2023-02-13T00:00:00.000' AS DateTime), 1, CAST(N'2022-02-13T00:00:00.000' AS DateTime), CAST(N'2022-03-06T01:33:46.570' AS DateTime), 0)
INSERT [dbo].[ContractPolicy] ([Id], [ContractId], [PolicyId], [Description], [StartDate], [EndDate], [PaymentStatus], [CreatedAt], [UpdatedAt], [IsDeleted]) VALUES (46, 8, 28, N'Periodic health examination', CAST(N'2022-02-27T00:00:00.000' AS DateTime), CAST(N'2022-05-28T00:00:00.000' AS DateTime), 1, CAST(N'2022-02-27T00:00:00.000' AS DateTime), CAST(N'2022-03-06T01:33:46.570' AS DateTime), 0)
INSERT [dbo].[ContractPolicy] ([Id], [ContractId], [PolicyId], [Description], [StartDate], [EndDate], [PaymentStatus], [CreatedAt], [UpdatedAt], [IsDeleted]) VALUES (47, 9, 34, N'Periodic health examination', CAST(N'2022-02-20T00:00:00.000' AS DateTime), CAST(N'2022-08-19T00:00:00.000' AS DateTime), 1, CAST(N'2022-02-20T00:00:00.000' AS DateTime), CAST(N'2022-03-06T01:33:46.570' AS DateTime), 0)
INSERT [dbo].[ContractPolicy] ([Id], [ContractId], [PolicyId], [Description], [StartDate], [EndDate], [PaymentStatus], [CreatedAt], [UpdatedAt], [IsDeleted]) VALUES (48, 10, 34, N'Periodic health examination', CAST(N'2021-11-02T00:00:00.000' AS DateTime), CAST(N'2022-05-01T00:00:00.000' AS DateTime), 1, CAST(N'2021-11-02T00:00:00.000' AS DateTime), CAST(N'2022-03-06T01:33:46.570' AS DateTime), 0)
INSERT [dbo].[ContractPolicy] ([Id], [ContractId], [PolicyId], [Description], [StartDate], [EndDate], [PaymentStatus], [CreatedAt], [UpdatedAt], [IsDeleted]) VALUES (49, 11, 34, N'Periodic health examination', CAST(N'2022-01-06T00:00:00.000' AS DateTime), CAST(N'2022-07-05T00:00:00.000' AS DateTime), 1, CAST(N'2022-01-06T00:00:00.000' AS DateTime), CAST(N'2022-03-06T01:33:46.573' AS DateTime), 0)
INSERT [dbo].[ContractPolicy] ([Id], [ContractId], [PolicyId], [Description], [StartDate], [EndDate], [PaymentStatus], [CreatedAt], [UpdatedAt], [IsDeleted]) VALUES (50, 12, 31, N'Periodic health examination', CAST(N'2021-10-30T00:00:00.000' AS DateTime), CAST(N'2022-04-28T00:00:00.000' AS DateTime), 1, CAST(N'2021-10-30T00:00:00.000' AS DateTime), CAST(N'2022-03-06T01:33:46.573' AS DateTime), 0)
INSERT [dbo].[ContractPolicy] ([Id], [ContractId], [PolicyId], [Description], [StartDate], [EndDate], [PaymentStatus], [CreatedAt], [UpdatedAt], [IsDeleted]) VALUES (51, 13, 27, N'Periodic health examination', CAST(N'2022-02-09T00:00:00.000' AS DateTime), CAST(N'2023-02-09T00:00:00.000' AS DateTime), 1, CAST(N'2022-02-09T00:00:00.000' AS DateTime), CAST(N'2022-03-06T01:33:46.573' AS DateTime), 0)
INSERT [dbo].[ContractPolicy] ([Id], [ContractId], [PolicyId], [Description], [StartDate], [EndDate], [PaymentStatus], [CreatedAt], [UpdatedAt], [IsDeleted]) VALUES (52, 14, 31, N'Periodic health examination', CAST(N'2021-12-07T00:00:00.000' AS DateTime), CAST(N'2022-06-05T00:00:00.000' AS DateTime), 1, CAST(N'2021-12-07T00:00:00.000' AS DateTime), CAST(N'2022-03-06T01:33:46.573' AS DateTime), 0)
INSERT [dbo].[ContractPolicy] ([Id], [ContractId], [PolicyId], [Description], [StartDate], [EndDate], [PaymentStatus], [CreatedAt], [UpdatedAt], [IsDeleted]) VALUES (53, 15, 34, N'Periodic health examination', CAST(N'2021-12-31T00:00:00.000' AS DateTime), CAST(N'2022-06-29T00:00:00.000' AS DateTime), 1, CAST(N'2021-12-31T00:00:00.000' AS DateTime), CAST(N'2022-03-06T01:33:46.573' AS DateTime), 0)
INSERT [dbo].[ContractPolicy] ([Id], [ContractId], [PolicyId], [Description], [StartDate], [EndDate], [PaymentStatus], [CreatedAt], [UpdatedAt], [IsDeleted]) VALUES (54, 16, 31, N'Periodic health examination', CAST(N'2021-10-03T00:00:00.000' AS DateTime), CAST(N'2022-04-01T00:00:00.000' AS DateTime), 1, CAST(N'2021-10-03T00:00:00.000' AS DateTime), CAST(N'2022-03-06T01:33:46.573' AS DateTime), 0)
INSERT [dbo].[ContractPolicy] ([Id], [ContractId], [PolicyId], [Description], [StartDate], [EndDate], [PaymentStatus], [CreatedAt], [UpdatedAt], [IsDeleted]) VALUES (55, 17, 34, N'Periodic health examination', CAST(N'2021-11-12T00:00:00.000' AS DateTime), CAST(N'2022-05-11T00:00:00.000' AS DateTime), 1, CAST(N'2021-11-12T00:00:00.000' AS DateTime), CAST(N'2022-03-06T01:33:46.573' AS DateTime), 0)
INSERT [dbo].[ContractPolicy] ([Id], [ContractId], [PolicyId], [Description], [StartDate], [EndDate], [PaymentStatus], [CreatedAt], [UpdatedAt], [IsDeleted]) VALUES (56, 18, 28, N'Periodic health examination', CAST(N'2021-11-26T00:00:00.000' AS DateTime), CAST(N'2022-02-24T00:00:00.000' AS DateTime), 1, CAST(N'2021-11-26T00:00:00.000' AS DateTime), CAST(N'2022-03-06T01:33:46.573' AS DateTime), 0)
INSERT [dbo].[ContractPolicy] ([Id], [ContractId], [PolicyId], [Description], [StartDate], [EndDate], [PaymentStatus], [CreatedAt], [UpdatedAt], [IsDeleted]) VALUES (57, 19, 33, N'Periodic health examination', CAST(N'2021-10-11T00:00:00.000' AS DateTime), CAST(N'2022-10-11T00:00:00.000' AS DateTime), 1, CAST(N'2021-10-11T00:00:00.000' AS DateTime), CAST(N'2022-03-06T01:33:46.577' AS DateTime), 0)
INSERT [dbo].[ContractPolicy] ([Id], [ContractId], [PolicyId], [Description], [StartDate], [EndDate], [PaymentStatus], [CreatedAt], [UpdatedAt], [IsDeleted]) VALUES (58, 1, 15, N'Always feel unwell', CAST(N'2021-10-21T00:00:00.000' AS DateTime), CAST(N'2022-04-19T00:00:00.000' AS DateTime), 1, CAST(N'2021-10-21T00:00:00.000' AS DateTime), CAST(N'2022-03-06T01:34:00.620' AS DateTime), 0)
INSERT [dbo].[ContractPolicy] ([Id], [ContractId], [PolicyId], [Description], [StartDate], [EndDate], [PaymentStatus], [CreatedAt], [UpdatedAt], [IsDeleted]) VALUES (59, 2, 16, N'Always feel unwell', CAST(N'2021-11-18T00:00:00.000' AS DateTime), CAST(N'2023-11-08T00:00:00.000' AS DateTime), 1, CAST(N'2021-11-18T00:00:00.000' AS DateTime), CAST(N'2022-03-06T01:34:00.620' AS DateTime), 0)
INSERT [dbo].[ContractPolicy] ([Id], [ContractId], [PolicyId], [Description], [StartDate], [EndDate], [PaymentStatus], [CreatedAt], [UpdatedAt], [IsDeleted]) VALUES (60, 3, 13, N'Always feel unwell', CAST(N'2021-10-28T00:00:00.000' AS DateTime), CAST(N'2022-10-28T00:00:00.000' AS DateTime), 1, CAST(N'2021-10-28T00:00:00.000' AS DateTime), CAST(N'2022-03-06T01:34:00.620' AS DateTime), 0)
INSERT [dbo].[ContractPolicy] ([Id], [ContractId], [PolicyId], [Description], [StartDate], [EndDate], [PaymentStatus], [CreatedAt], [UpdatedAt], [IsDeleted]) VALUES (61, 4, 15, N'Always feel unwell', CAST(N'2022-02-16T00:00:00.000' AS DateTime), CAST(N'2022-08-15T00:00:00.000' AS DateTime), 1, CAST(N'2022-02-16T00:00:00.000' AS DateTime), CAST(N'2022-03-06T01:34:00.620' AS DateTime), 0)
INSERT [dbo].[ContractPolicy] ([Id], [ContractId], [PolicyId], [Description], [StartDate], [EndDate], [PaymentStatus], [CreatedAt], [UpdatedAt], [IsDeleted]) VALUES (62, 5, 11, N'Always feel unwell', CAST(N'2021-10-01T00:00:00.000' AS DateTime), CAST(N'2022-03-30T00:00:00.000' AS DateTime), 1, CAST(N'2021-10-01T00:00:00.000' AS DateTime), CAST(N'2022-03-06T01:34:00.620' AS DateTime), 0)
INSERT [dbo].[ContractPolicy] ([Id], [ContractId], [PolicyId], [Description], [StartDate], [EndDate], [PaymentStatus], [CreatedAt], [UpdatedAt], [IsDeleted]) VALUES (63, 6, 15, N'Always feel unwell', CAST(N'2022-01-25T00:00:00.000' AS DateTime), CAST(N'2022-07-24T00:00:00.000' AS DateTime), 1, CAST(N'2022-01-25T00:00:00.000' AS DateTime), CAST(N'2022-03-06T01:34:00.620' AS DateTime), 0)
INSERT [dbo].[ContractPolicy] ([Id], [ContractId], [PolicyId], [Description], [StartDate], [EndDate], [PaymentStatus], [CreatedAt], [UpdatedAt], [IsDeleted]) VALUES (64, 7, 14, N'Always feel unwell', CAST(N'2021-12-08T00:00:00.000' AS DateTime), CAST(N'2022-12-08T00:00:00.000' AS DateTime), 1, CAST(N'2021-12-08T00:00:00.000' AS DateTime), CAST(N'2022-03-06T01:34:00.620' AS DateTime), 0)
INSERT [dbo].[ContractPolicy] ([Id], [ContractId], [PolicyId], [Description], [StartDate], [EndDate], [PaymentStatus], [CreatedAt], [UpdatedAt], [IsDeleted]) VALUES (65, 8, 15, N'Always feel unwell', CAST(N'2021-12-13T00:00:00.000' AS DateTime), CAST(N'2022-06-11T00:00:00.000' AS DateTime), 1, CAST(N'2021-12-13T00:00:00.000' AS DateTime), CAST(N'2022-03-06T01:34:00.623' AS DateTime), 0)
INSERT [dbo].[ContractPolicy] ([Id], [ContractId], [PolicyId], [Description], [StartDate], [EndDate], [PaymentStatus], [CreatedAt], [UpdatedAt], [IsDeleted]) VALUES (66, 9, 11, N'Always feel unwell', CAST(N'2022-02-22T00:00:00.000' AS DateTime), CAST(N'2022-08-21T00:00:00.000' AS DateTime), 1, CAST(N'2022-02-22T00:00:00.000' AS DateTime), CAST(N'2022-03-06T01:34:00.623' AS DateTime), 0)
INSERT [dbo].[ContractPolicy] ([Id], [ContractId], [PolicyId], [Description], [StartDate], [EndDate], [PaymentStatus], [CreatedAt], [UpdatedAt], [IsDeleted]) VALUES (67, 10, 11, N'Always feel unwell', CAST(N'2022-02-03T00:00:00.000' AS DateTime), CAST(N'2022-08-02T00:00:00.000' AS DateTime), 1, CAST(N'2022-02-03T00:00:00.000' AS DateTime), CAST(N'2022-03-06T01:34:00.623' AS DateTime), 0)
INSERT [dbo].[ContractPolicy] ([Id], [ContractId], [PolicyId], [Description], [StartDate], [EndDate], [PaymentStatus], [CreatedAt], [UpdatedAt], [IsDeleted]) VALUES (68, 11, 13, N'Always feel unwell', CAST(N'2021-10-21T00:00:00.000' AS DateTime), CAST(N'2022-10-21T00:00:00.000' AS DateTime), 1, CAST(N'2021-10-21T00:00:00.000' AS DateTime), CAST(N'2022-03-06T01:34:00.623' AS DateTime), 0)
INSERT [dbo].[ContractPolicy] ([Id], [ContractId], [PolicyId], [Description], [StartDate], [EndDate], [PaymentStatus], [CreatedAt], [UpdatedAt], [IsDeleted]) VALUES (69, 12, 11, N'Always feel unwell', CAST(N'2021-12-14T00:00:00.000' AS DateTime), CAST(N'2022-06-12T00:00:00.000' AS DateTime), 1, CAST(N'2021-12-14T00:00:00.000' AS DateTime), CAST(N'2022-03-06T01:34:00.623' AS DateTime), 0)
INSERT [dbo].[ContractPolicy] ([Id], [ContractId], [PolicyId], [Description], [StartDate], [EndDate], [PaymentStatus], [CreatedAt], [UpdatedAt], [IsDeleted]) VALUES (70, 13, 15, N'Always feel unwell', CAST(N'2022-03-01T00:00:00.000' AS DateTime), CAST(N'2022-08-28T00:00:00.000' AS DateTime), 1, CAST(N'2022-03-01T00:00:00.000' AS DateTime), CAST(N'2022-03-06T01:34:00.623' AS DateTime), 0)
INSERT [dbo].[ContractPolicy] ([Id], [ContractId], [PolicyId], [Description], [StartDate], [EndDate], [PaymentStatus], [CreatedAt], [UpdatedAt], [IsDeleted]) VALUES (71, 14, 14, N'Always feel unwell', CAST(N'2021-09-21T00:00:00.000' AS DateTime), CAST(N'2022-09-21T00:00:00.000' AS DateTime), 1, CAST(N'2021-09-21T00:00:00.000' AS DateTime), CAST(N'2022-03-06T01:34:00.623' AS DateTime), 0)
INSERT [dbo].[ContractPolicy] ([Id], [ContractId], [PolicyId], [Description], [StartDate], [EndDate], [PaymentStatus], [CreatedAt], [UpdatedAt], [IsDeleted]) VALUES (72, 15, 14, N'Always feel unwell', CAST(N'2022-01-17T00:00:00.000' AS DateTime), CAST(N'2023-01-17T00:00:00.000' AS DateTime), 1, CAST(N'2022-01-17T00:00:00.000' AS DateTime), CAST(N'2022-03-06T01:34:00.623' AS DateTime), 0)
INSERT [dbo].[ContractPolicy] ([Id], [ContractId], [PolicyId], [Description], [StartDate], [EndDate], [PaymentStatus], [CreatedAt], [UpdatedAt], [IsDeleted]) VALUES (73, 16, 15, N'Always feel unwell', CAST(N'2021-11-06T00:00:00.000' AS DateTime), CAST(N'2022-05-05T00:00:00.000' AS DateTime), 1, CAST(N'2021-11-06T00:00:00.000' AS DateTime), CAST(N'2022-03-06T01:34:00.623' AS DateTime), 0)
INSERT [dbo].[ContractPolicy] ([Id], [ContractId], [PolicyId], [Description], [StartDate], [EndDate], [PaymentStatus], [CreatedAt], [UpdatedAt], [IsDeleted]) VALUES (74, 17, 12, N'Always feel unwell', CAST(N'2021-11-20T00:00:00.000' AS DateTime), CAST(N'2022-05-19T00:00:00.000' AS DateTime), 1, CAST(N'2021-11-20T00:00:00.000' AS DateTime), CAST(N'2022-03-06T01:34:00.623' AS DateTime), 0)
INSERT [dbo].[ContractPolicy] ([Id], [ContractId], [PolicyId], [Description], [StartDate], [EndDate], [PaymentStatus], [CreatedAt], [UpdatedAt], [IsDeleted]) VALUES (75, 18, 15, N'Always feel unwell', CAST(N'2021-09-28T00:00:00.000' AS DateTime), CAST(N'2022-03-27T00:00:00.000' AS DateTime), 1, CAST(N'2021-09-28T00:00:00.000' AS DateTime), CAST(N'2022-03-06T01:34:00.623' AS DateTime), 0)
INSERT [dbo].[ContractPolicy] ([Id], [ContractId], [PolicyId], [Description], [StartDate], [EndDate], [PaymentStatus], [CreatedAt], [UpdatedAt], [IsDeleted]) VALUES (76, 19, 13, N'Always feel unwell', CAST(N'2021-12-01T00:00:00.000' AS DateTime), CAST(N'2022-12-01T00:00:00.000' AS DateTime), 1, CAST(N'2021-12-01T00:00:00.000' AS DateTime), CAST(N'2022-03-06T01:34:00.623' AS DateTime), 0)
SET IDENTITY_INSERT [dbo].[ContractPolicy] OFF
GO
SET IDENTITY_INSERT [dbo].[Employees] ON 

INSERT [dbo].[Employees] ([Id], [Username], [Password], [Salary], [Firstname], [Lastname], [Joindate], [Designation], [Address], [Phone], [Country], [City], [CreatedAt], [UpdatedAt], [IsDeleted]) VALUES (1, N'employee1', N'MTIzNDU2c2VjcmV0QGtleUBA', CAST(12000.00 AS Decimal(12, 2)), N'Martin', N'Garrix', CAST(N'2022-03-06T01:31:56.900' AS DateTime), NULL, N'Nguyen Trai', N'0984938271', N'Viet Nam', N'Ha Noi', CAST(N'2021-08-27T00:00:00.000' AS DateTime), CAST(N'2022-03-06T01:31:56.900' AS DateTime), 0)
INSERT [dbo].[Employees] ([Id], [Username], [Password], [Salary], [Firstname], [Lastname], [Joindate], [Designation], [Address], [Phone], [Country], [City], [CreatedAt], [UpdatedAt], [IsDeleted]) VALUES (2, N'employee2', N'MTIzNDU2c2VjcmV0QGtleUBA', CAST(20000.00 AS Decimal(12, 2)), N'Justin', N'Bieber', CAST(N'2022-03-06T01:31:56.900' AS DateTime), NULL, N'Cau Giay', N'0938276183', N'Viet Nam', N'Ha Noi', CAST(N'2021-08-27T00:00:00.000' AS DateTime), CAST(N'2022-03-06T01:31:56.900' AS DateTime), 0)
INSERT [dbo].[Employees] ([Id], [Username], [Password], [Salary], [Firstname], [Lastname], [Joindate], [Designation], [Address], [Phone], [Country], [City], [CreatedAt], [UpdatedAt], [IsDeleted]) VALUES (3, N'employee3', N'MTIzNDU2c2VjcmV0QGtleUBA', CAST(8000.00 AS Decimal(12, 2)), N'Tori', N'Kelly', CAST(N'2022-03-06T01:31:56.900' AS DateTime), NULL, N'Ba Dinh', N'0938271634', N'Viet Nam', N'Ha Noi', CAST(N'2021-08-27T00:00:00.000' AS DateTime), CAST(N'2022-03-06T01:31:56.900' AS DateTime), 0)
INSERT [dbo].[Employees] ([Id], [Username], [Password], [Salary], [Firstname], [Lastname], [Joindate], [Designation], [Address], [Phone], [Country], [City], [CreatedAt], [UpdatedAt], [IsDeleted]) VALUES (4, N'employee4', N'MTIzNDU2c2VjcmV0QGtleUBA', CAST(9740.00 AS Decimal(12, 2)), N'Lukas', N'Graham', CAST(N'2022-03-06T01:31:56.900' AS DateTime), NULL, N'Hai Ba Trung', N'0837261529', N'Viet Nam', N'Ha Noi', CAST(N'2021-08-27T00:00:00.000' AS DateTime), CAST(N'2022-03-06T01:31:56.900' AS DateTime), 0)
INSERT [dbo].[Employees] ([Id], [Username], [Password], [Salary], [Firstname], [Lastname], [Joindate], [Designation], [Address], [Phone], [Country], [City], [CreatedAt], [UpdatedAt], [IsDeleted]) VALUES (5, N'employee5', N'MTIzNDU2c2VjcmV0QGtleUBA', CAST(13000.00 AS Decimal(12, 2)), N'David', N'Guetta', CAST(N'2022-03-06T01:31:56.900' AS DateTime), NULL, N'Duong Quang Ham', N'0392738239', N'Viet Nam', N'Ha Noi', CAST(N'2021-08-27T00:00:00.000' AS DateTime), CAST(N'2022-03-06T01:31:56.900' AS DateTime), 0)
INSERT [dbo].[Employees] ([Id], [Username], [Password], [Salary], [Firstname], [Lastname], [Joindate], [Designation], [Address], [Phone], [Country], [City], [CreatedAt], [UpdatedAt], [IsDeleted]) VALUES (6, N'employee6', N'MTIzNDU2c2VjcmV0QGtleUBA', CAST(20000.00 AS Decimal(12, 2)), N'John', N'Terry', CAST(N'2022-03-06T01:31:56.900' AS DateTime), NULL, N'Thanh Binh', N'091584932', N'Viet Nam', N'Ha Noi', CAST(N'2021-08-27T00:00:00.000' AS DateTime), CAST(N'2022-03-06T01:31:56.900' AS DateTime), 0)
INSERT [dbo].[Employees] ([Id], [Username], [Password], [Salary], [Firstname], [Lastname], [Joindate], [Designation], [Address], [Phone], [Country], [City], [CreatedAt], [UpdatedAt], [IsDeleted]) VALUES (7, N'employee7', N'MTIzNDU2c2VjcmV0QGtleUBA', CAST(25000.00 AS Decimal(12, 2)), N'Adam', N'Traore', CAST(N'2022-03-06T01:31:56.900' AS DateTime), NULL, N'Thach Binh', N'0987582312', N'Viet Nam', N'Ha Noi', CAST(N'2021-08-27T00:00:00.000' AS DateTime), CAST(N'2022-03-06T01:31:56.900' AS DateTime), 0)
INSERT [dbo].[Employees] ([Id], [Username], [Password], [Salary], [Firstname], [Lastname], [Joindate], [Designation], [Address], [Phone], [Country], [City], [CreatedAt], [UpdatedAt], [IsDeleted]) VALUES (8, N'employee8', N'MTIzNDU2c2VjcmV0QGtleUBA', CAST(13400.00 AS Decimal(12, 2)), N'Mohamed', N'Sahla', CAST(N'2022-03-06T01:31:56.900' AS DateTime), NULL, N'Binh Nhuong', N'0983493021', N'Viet Nam', N'Ha Noi', CAST(N'2021-08-27T00:00:00.000' AS DateTime), CAST(N'2022-03-06T01:31:56.900' AS DateTime), 0)
INSERT [dbo].[Employees] ([Id], [Username], [Password], [Salary], [Firstname], [Lastname], [Joindate], [Designation], [Address], [Phone], [Country], [City], [CreatedAt], [UpdatedAt], [IsDeleted]) VALUES (9, N'employee9', N'MTIzNDU2c2VjcmV0QGtleUBA', CAST(22300.00 AS Decimal(12, 2)), N'Ama', N'Boxie', CAST(N'2022-03-06T01:31:56.900' AS DateTime), NULL, N'Thach Thanh', N'0987584222', N'Viet Nam', N'Ha Noi', CAST(N'2021-08-27T00:00:00.000' AS DateTime), CAST(N'2022-03-06T01:31:56.900' AS DateTime), 0)
INSERT [dbo].[Employees] ([Id], [Username], [Password], [Salary], [Firstname], [Lastname], [Joindate], [Designation], [Address], [Phone], [Country], [City], [CreatedAt], [UpdatedAt], [IsDeleted]) VALUES (10, N'employee10', N'MTIzNDU2c2VjcmV0QGtleUBA', CAST(19300.00 AS Decimal(12, 2)), N'Binh', N'Gold', CAST(N'2022-03-06T01:31:56.900' AS DateTime), NULL, N'Ba Dinh', N'0987111932', N'Viet Nam', N'Ha Noi', CAST(N'2021-08-27T00:00:00.000' AS DateTime), CAST(N'2022-03-06T01:31:56.900' AS DateTime), 0)
INSERT [dbo].[Employees] ([Id], [Username], [Password], [Salary], [Firstname], [Lastname], [Joindate], [Designation], [Address], [Phone], [Country], [City], [CreatedAt], [UpdatedAt], [IsDeleted]) VALUES (11, N'employee11', N'MTIzNDU2c2VjcmV0QGtleUBA', CAST(9000.00 AS Decimal(12, 2)), N'Amat', N'Oma', CAST(N'2022-03-06T01:31:56.900' AS DateTime), NULL, N'Cau Giay', N'0987293232', N'Viet Nam', N'Ha Noi', CAST(N'2021-08-27T00:00:00.000' AS DateTime), CAST(N'2022-03-06T01:31:56.900' AS DateTime), 0)
INSERT [dbo].[Employees] ([Id], [Username], [Password], [Salary], [Firstname], [Lastname], [Joindate], [Designation], [Address], [Phone], [Country], [City], [CreatedAt], [UpdatedAt], [IsDeleted]) VALUES (12, N'employee12', N'MTIzNDU2c2VjcmV0QGtleUBA', CAST(9900.00 AS Decimal(12, 2)), N'Kai', N'Havert', CAST(N'2022-03-06T01:31:56.900' AS DateTime), NULL, N'Thanh Xuan', N'0923584932', N'Viet Nam', N'Ha Noi', CAST(N'2021-08-27T00:00:00.000' AS DateTime), CAST(N'2022-03-06T01:31:56.900' AS DateTime), 0)
INSERT [dbo].[Employees] ([Id], [Username], [Password], [Salary], [Firstname], [Lastname], [Joindate], [Designation], [Address], [Phone], [Country], [City], [CreatedAt], [UpdatedAt], [IsDeleted]) VALUES (13, N'employee13', N'MTIzNDU2c2VjcmV0QGtleUBA', CAST(10300.00 AS Decimal(12, 2)), N'Mason', N'Mount', CAST(N'2022-03-06T01:31:56.900' AS DateTime), NULL, N'Tran Duy Hung', N'092384932', N'Viet Nam', N'Ha Noi', CAST(N'2021-08-27T00:00:00.000' AS DateTime), CAST(N'2022-03-06T01:31:56.900' AS DateTime), 0)
INSERT [dbo].[Employees] ([Id], [Username], [Password], [Salary], [Firstname], [Lastname], [Joindate], [Designation], [Address], [Phone], [Country], [City], [CreatedAt], [UpdatedAt], [IsDeleted]) VALUES (14, N'employee14', N'MTIzNDU2c2VjcmV0QGtleUBA', CAST(11100.00 AS Decimal(12, 2)), N'Rees', N'James', CAST(N'2022-03-06T01:31:56.900' AS DateTime), NULL, N'Nguyen Phong Sac', N'0983584932', N'Viet Nam', N'Ha Noi', CAST(N'2021-08-27T00:00:00.000' AS DateTime), CAST(N'2022-03-06T01:31:56.900' AS DateTime), 0)
INSERT [dbo].[Employees] ([Id], [Username], [Password], [Salary], [Firstname], [Lastname], [Joindate], [Designation], [Address], [Phone], [Country], [City], [CreatedAt], [UpdatedAt], [IsDeleted]) VALUES (15, N'employee15', N'MTIzNDU2c2VjcmV0QGtleUBA', CAST(9200.00 AS Decimal(12, 2)), N'Kepa', N'Alee', CAST(N'2022-03-06T01:31:56.900' AS DateTime), NULL, N'Nguyen Lieu', N'0987584934', N'Viet Nam', N'Ha Noi', CAST(N'2021-08-27T00:00:00.000' AS DateTime), CAST(N'2022-03-06T01:31:56.900' AS DateTime), 0)
INSERT [dbo].[Employees] ([Id], [Username], [Password], [Salary], [Firstname], [Lastname], [Joindate], [Designation], [Address], [Phone], [Country], [City], [CreatedAt], [UpdatedAt], [IsDeleted]) VALUES (16, N'employee16', N'MTIzNDU2c2VjcmV0QGtleUBA', CAST(39000.00 AS Decimal(12, 2)), N'King', N'Mont', CAST(N'2022-03-06T01:31:56.900' AS DateTime), NULL, N'Phung Hung', N'0987583122', N'Viet Nam', N'Ha Noi', CAST(N'2021-08-27T00:00:00.000' AS DateTime), CAST(N'2022-03-06T01:31:56.900' AS DateTime), 0)
INSERT [dbo].[Employees] ([Id], [Username], [Password], [Salary], [Firstname], [Lastname], [Joindate], [Designation], [Address], [Phone], [Country], [City], [CreatedAt], [UpdatedAt], [IsDeleted]) VALUES (17, N'employee17', N'MTIzNDU2c2VjcmV0QGtleUBA', CAST(1300.00 AS Decimal(12, 2)), N'Bee', N'Mooh', CAST(N'2022-03-06T01:31:56.900' AS DateTime), NULL, N'Hai Ba Trung', N'098793032', N'Viet Nam', N'Ha Noi', CAST(N'2021-08-27T00:00:00.000' AS DateTime), CAST(N'2022-03-06T01:31:56.900' AS DateTime), 0)
INSERT [dbo].[Employees] ([Id], [Username], [Password], [Salary], [Firstname], [Lastname], [Joindate], [Designation], [Address], [Phone], [Country], [City], [CreatedAt], [UpdatedAt], [IsDeleted]) VALUES (18, N'employee18', N'MTIzNDU2c2VjcmV0QGtleUBA', CAST(8400.00 AS Decimal(12, 2)), N'Osas', N'Kane', CAST(N'2022-03-06T01:31:56.900' AS DateTime), NULL, N'Ho Dieu Hoa', N'0987000932', N'Viet Nam', N'Ha Noi', CAST(N'2021-08-27T00:00:00.000' AS DateTime), CAST(N'2022-03-06T01:31:56.900' AS DateTime), 0)
INSERT [dbo].[Employees] ([Id], [Username], [Password], [Salary], [Firstname], [Lastname], [Joindate], [Designation], [Address], [Phone], [Country], [City], [CreatedAt], [UpdatedAt], [IsDeleted]) VALUES (19, N'employee19', N'MTIzNDU2c2VjcmV0QGtleUBA', CAST(7900.00 AS Decimal(12, 2)), N'Son', N'Hong', CAST(N'2022-03-06T01:31:56.900' AS DateTime), NULL, N'Tran Thai Tong', N'0892384932', N'Viet Nam', N'Ha Noi', CAST(N'2021-08-27T00:00:00.000' AS DateTime), CAST(N'2022-03-06T01:31:56.900' AS DateTime), 0)
SET IDENTITY_INSERT [dbo].[Employees] OFF
GO
SET IDENTITY_INSERT [dbo].[InsuranceAdmin] ON 

INSERT [dbo].[InsuranceAdmin] ([Id], [Username], [Password], [Role], [CompanyId], [CreatedAt], [UpdatedAt], [IsDeleted]) VALUES (1, N'manager1', N'MTIzNDU2c2VjcmV0QGtleUBA', N'IMANAGER', 1, CAST(N'2022-03-06T01:31:56.900' AS DateTime), CAST(N'2022-03-06T01:31:56.900' AS DateTime), 0)
INSERT [dbo].[InsuranceAdmin] ([Id], [Username], [Password], [Role], [CompanyId], [CreatedAt], [UpdatedAt], [IsDeleted]) VALUES (2, N'manager2', N'MTIzNDU2c2VjcmV0QGtleUBA', N'IMANAGER', 2, CAST(N'2022-03-06T01:31:56.900' AS DateTime), CAST(N'2022-03-06T01:31:56.900' AS DateTime), 0)
INSERT [dbo].[InsuranceAdmin] ([Id], [Username], [Password], [Role], [CompanyId], [CreatedAt], [UpdatedAt], [IsDeleted]) VALUES (3, N'manager3', N'MTIzNDU2c2VjcmV0QGtleUBA', N'IMANAGER', 3, CAST(N'2022-03-06T01:31:56.900' AS DateTime), CAST(N'2022-03-06T01:31:56.900' AS DateTime), 0)
INSERT [dbo].[InsuranceAdmin] ([Id], [Username], [Password], [Role], [CompanyId], [CreatedAt], [UpdatedAt], [IsDeleted]) VALUES (4, N'manager4', N'MTIzNDU2c2VjcmV0QGtleUBA', N'IMANAGER', 4, CAST(N'2022-03-06T01:31:56.900' AS DateTime), CAST(N'2022-03-06T01:31:56.900' AS DateTime), 0)
INSERT [dbo].[InsuranceAdmin] ([Id], [Username], [Password], [Role], [CompanyId], [CreatedAt], [UpdatedAt], [IsDeleted]) VALUES (5, N'manager5', N'MTIzNDU2c2VjcmV0QGtleUBA', N'IMANAGER', 5, CAST(N'2022-03-06T01:31:56.900' AS DateTime), CAST(N'2022-03-06T01:31:56.900' AS DateTime), 0)
INSERT [dbo].[InsuranceAdmin] ([Id], [Username], [Password], [Role], [CompanyId], [CreatedAt], [UpdatedAt], [IsDeleted]) VALUES (6, N'manager6', N'MTIzNDU2c2VjcmV0QGtleUBA', N'IMANAGER', 6, CAST(N'2022-03-06T01:31:56.900' AS DateTime), CAST(N'2022-03-06T01:31:56.900' AS DateTime), 0)
INSERT [dbo].[InsuranceAdmin] ([Id], [Username], [Password], [Role], [CompanyId], [CreatedAt], [UpdatedAt], [IsDeleted]) VALUES (7, N'manager7', N'MTIzNDU2c2VjcmV0QGtleUBA', N'IMANAGER', 7, CAST(N'2022-03-06T01:31:56.900' AS DateTime), CAST(N'2022-03-06T01:31:56.900' AS DateTime), 0)
INSERT [dbo].[InsuranceAdmin] ([Id], [Username], [Password], [Role], [CompanyId], [CreatedAt], [UpdatedAt], [IsDeleted]) VALUES (8, N'manager8', N'MTIzNDU2c2VjcmV0QGtleUBA', N'IMANAGER', 8, CAST(N'2022-03-06T01:31:56.900' AS DateTime), CAST(N'2022-03-06T01:31:56.900' AS DateTime), 0)
INSERT [dbo].[InsuranceAdmin] ([Id], [Username], [Password], [Role], [CompanyId], [CreatedAt], [UpdatedAt], [IsDeleted]) VALUES (9, N'finman1', N'MTIzNDU2c2VjcmV0QGtleUBA', N'IFINMAN', 1, CAST(N'2022-03-06T01:31:56.900' AS DateTime), CAST(N'2022-03-06T01:31:56.900' AS DateTime), 0)
INSERT [dbo].[InsuranceAdmin] ([Id], [Username], [Password], [Role], [CompanyId], [CreatedAt], [UpdatedAt], [IsDeleted]) VALUES (10, N'finman2', N'MTIzNDU2c2VjcmV0QGtleUBA', N'IFINMAN', 2, CAST(N'2022-03-06T01:31:56.900' AS DateTime), CAST(N'2022-03-06T01:31:56.900' AS DateTime), 0)
INSERT [dbo].[InsuranceAdmin] ([Id], [Username], [Password], [Role], [CompanyId], [CreatedAt], [UpdatedAt], [IsDeleted]) VALUES (11, N'finman3', N'MTIzNDU2c2VjcmV0QGtleUBA', N'IFINMAN', 3, CAST(N'2022-03-06T01:31:56.900' AS DateTime), CAST(N'2022-03-06T01:31:56.900' AS DateTime), 0)
INSERT [dbo].[InsuranceAdmin] ([Id], [Username], [Password], [Role], [CompanyId], [CreatedAt], [UpdatedAt], [IsDeleted]) VALUES (12, N'finman4', N'MTIzNDU2c2VjcmV0QGtleUBA', N'IFINMAN', 4, CAST(N'2022-03-06T01:31:56.900' AS DateTime), CAST(N'2022-03-06T01:31:56.900' AS DateTime), 0)
INSERT [dbo].[InsuranceAdmin] ([Id], [Username], [Password], [Role], [CompanyId], [CreatedAt], [UpdatedAt], [IsDeleted]) VALUES (13, N'finman5', N'MTIzNDU2c2VjcmV0QGtleUBA', N'IFINMAN', 5, CAST(N'2022-03-06T01:31:56.900' AS DateTime), CAST(N'2022-03-06T01:31:56.900' AS DateTime), 0)
INSERT [dbo].[InsuranceAdmin] ([Id], [Username], [Password], [Role], [CompanyId], [CreatedAt], [UpdatedAt], [IsDeleted]) VALUES (14, N'finman6', N'MTIzNDU2c2VjcmV0QGtleUBA', N'IFINMAN', 6, CAST(N'2022-03-06T01:31:56.900' AS DateTime), CAST(N'2022-03-06T01:31:56.900' AS DateTime), 0)
INSERT [dbo].[InsuranceAdmin] ([Id], [Username], [Password], [Role], [CompanyId], [CreatedAt], [UpdatedAt], [IsDeleted]) VALUES (15, N'finman7', N'MTIzNDU2c2VjcmV0QGtleUBA', N'IFINMAN', 7, CAST(N'2022-03-06T01:31:56.900' AS DateTime), CAST(N'2022-03-06T01:31:56.900' AS DateTime), 0)
INSERT [dbo].[InsuranceAdmin] ([Id], [Username], [Password], [Role], [CompanyId], [CreatedAt], [UpdatedAt], [IsDeleted]) VALUES (16, N'finman8', N'MTIzNDU2c2VjcmV0QGtleUBA', N'IFINMAN', 8, CAST(N'2022-03-06T01:31:56.900' AS DateTime), CAST(N'2022-03-06T01:31:56.900' AS DateTime), 0)
SET IDENTITY_INSERT [dbo].[InsuranceAdmin] OFF
GO
SET IDENTITY_INSERT [dbo].[InsuranceCompany] ON 

INSERT [dbo].[InsuranceCompany] ([Id], [Name], [Address], [Phone], [Url], [CreatedAt], [UpdatedAt], [IsDeleted]) VALUES (1, N'Bao Viet', N'8 Le Thai To, Hoan Kiem Dist., Hanoi', N'1900 55 88 99', N'https://www.baoviet.com.vn/', CAST(N'2022-03-06T01:31:56.897' AS DateTime), CAST(N'2022-03-06T01:31:56.897' AS DateTime), 0)
INSERT [dbo].[InsuranceCompany] ([Id], [Name], [Address], [Phone], [Url], [CreatedAt], [UpdatedAt], [IsDeleted]) VALUES (2, N'Generali', N'Trieste, Italy', N'1900 96 96 75', N'https://generali.vn/', CAST(N'2022-03-06T01:31:56.897' AS DateTime), CAST(N'2022-03-06T01:31:56.897' AS DateTime), 0)
INSERT [dbo].[InsuranceCompany] ([Id], [Name], [Address], [Phone], [Url], [CreatedAt], [UpdatedAt], [IsDeleted]) VALUES (3, N'Chubb Life', N'Floor 21, Sun Wah Building, 115 Nguyen Hue, Dist. 1, HCMC', N'(028) 3827 8123', N'https://www.chubb.com', CAST(N'2022-03-06T01:31:56.897' AS DateTime), CAST(N'2022-03-06T01:31:56.897' AS DateTime), 0)
INSERT [dbo].[InsuranceCompany] ([Id], [Name], [Address], [Phone], [Url], [CreatedAt], [UpdatedAt], [IsDeleted]) VALUES (4, N'AIA', N'Floor 2, Bitexco Building, 2 Hai Trieu, Dist. 1, HCMC', N'(028) 3821 6400', N'https://www.aia.com.vn/', CAST(N'2022-03-06T01:31:56.897' AS DateTime), CAST(N'2022-03-06T01:31:56.897' AS DateTime), 0)
INSERT [dbo].[InsuranceCompany] ([Id], [Name], [Address], [Phone], [Url], [CreatedAt], [UpdatedAt], [IsDeleted]) VALUES (5, N'Dai-ichi Life', N'366 Nguyen Trong Tuyen, Tan Binh Dist., HCMC', N'(028) 3810 0888', N'https://www.dai-ichi-life.com.vn/', CAST(N'2022-03-06T01:31:56.897' AS DateTime), CAST(N'2022-03-06T01:31:56.897' AS DateTime), 0)
INSERT [dbo].[InsuranceCompany] ([Id], [Name], [Address], [Phone], [Url], [CreatedAt], [UpdatedAt], [IsDeleted]) VALUES (6, N'Manulife', N'Floor 2, Manulife Plaza, 75 Hoang Van Thai, Dist. 7, HCMC', N'1900 1776', N'https://www.manulife.com.vn', CAST(N'2022-03-06T01:31:56.897' AS DateTime), CAST(N'2022-03-06T01:31:56.897' AS DateTime), 0)
INSERT [dbo].[InsuranceCompany] ([Id], [Name], [Address], [Phone], [Url], [CreatedAt], [UpdatedAt], [IsDeleted]) VALUES (7, N'Prudential', N'Floor 25, Sai Gon Trade Center, 37 Ton Duc Thang, HCMC', N'1800 1247', N'https://www.prudential.com.vn', CAST(N'2022-03-06T01:31:56.897' AS DateTime), CAST(N'2022-03-06T01:31:56.897' AS DateTime), 0)
INSERT [dbo].[InsuranceCompany] ([Id], [Name], [Address], [Phone], [Url], [CreatedAt], [UpdatedAt], [IsDeleted]) VALUES (8, N'MIC - Military Insurance Company', N'Floor 5-6, MB Building, 21 Cat Linh, Dong Da Dist., Hanoi', N'1900 55 88 91', N'https://mic.vn/', CAST(N'2022-03-06T01:31:56.897' AS DateTime), CAST(N'2022-03-06T01:31:56.897' AS DateTime), 0)
SET IDENTITY_INSERT [dbo].[InsuranceCompany] OFF
GO
SET IDENTITY_INSERT [dbo].[Policy] ON 

INSERT [dbo].[Policy] ([Id], [Name], [Description], [SupportPercent], [DurationInDays], [Price], [Status], [TypeId], [CompanyId], [CreatedAt], [UpdatedAt], [IsDeleted]) VALUES (1, N'Dai-ichi COVID-19 Package', N'Covers all your medicine and/or quarantine expenses', 80, 180, CAST(1000.00 AS Decimal(12, 2)), 2, 3, 5, CAST(N'2022-03-06T01:31:56.900' AS DateTime), CAST(N'2022-03-06T01:31:56.900' AS DateTime), 0)
INSERT [dbo].[Policy] ([Id], [Name], [Description], [SupportPercent], [DurationInDays], [Price], [Status], [TypeId], [CompanyId], [CreatedAt], [UpdatedAt], [IsDeleted]) VALUES (2, N'Bao Viet COVID-19 Package', N'Covers all your medicine and/or quarantine expenses', 70, 365, CAST(800.00 AS Decimal(12, 2)), 2, 3, 1, CAST(N'2022-03-06T01:31:56.900' AS DateTime), CAST(N'2022-03-06T01:31:56.900' AS DateTime), 0)
INSERT [dbo].[Policy] ([Id], [Name], [Description], [SupportPercent], [DurationInDays], [Price], [Status], [TypeId], [CompanyId], [CreatedAt], [UpdatedAt], [IsDeleted]) VALUES (3, N'Generali COVID-19 Package', N'Covers all your medicine and/or quarantine expenses', 100, 180, CAST(2000.00 AS Decimal(12, 2)), 2, 3, 2, CAST(N'2022-03-06T01:31:56.900' AS DateTime), CAST(N'2022-03-06T01:31:56.900' AS DateTime), 0)
INSERT [dbo].[Policy] ([Id], [Name], [Description], [SupportPercent], [DurationInDays], [Price], [Status], [TypeId], [CompanyId], [CreatedAt], [UpdatedAt], [IsDeleted]) VALUES (4, N'Chubb Life COVID-19 Package', N'Covers all your medicine and/or quarantine expenses', 80, 180, CAST(1200.00 AS Decimal(12, 2)), 3, 3, 3, CAST(N'2022-03-06T01:31:56.900' AS DateTime), CAST(N'2022-03-06T01:31:56.900' AS DateTime), 0)
INSERT [dbo].[Policy] ([Id], [Name], [Description], [SupportPercent], [DurationInDays], [Price], [Status], [TypeId], [CompanyId], [CreatedAt], [UpdatedAt], [IsDeleted]) VALUES (5, N'AIA COVID-19 Package', N'Covers all your medicine and/or quarantine expenses', 75, 365, CAST(1100.00 AS Decimal(12, 2)), 1, 3, 4, CAST(N'2022-03-06T01:31:56.900' AS DateTime), CAST(N'2022-03-06T01:31:56.900' AS DateTime), 0)
INSERT [dbo].[Policy] ([Id], [Name], [Description], [SupportPercent], [DurationInDays], [Price], [Status], [TypeId], [CompanyId], [CreatedAt], [UpdatedAt], [IsDeleted]) VALUES (6, N'Manulife COVID-19 Package', N'Covers all your medicine and/or quarantine expenses', 90, 365, CAST(1500.00 AS Decimal(12, 2)), 2, 3, 6, CAST(N'2022-03-06T01:31:56.900' AS DateTime), CAST(N'2022-03-06T01:31:56.900' AS DateTime), 0)
INSERT [dbo].[Policy] ([Id], [Name], [Description], [SupportPercent], [DurationInDays], [Price], [Status], [TypeId], [CompanyId], [CreatedAt], [UpdatedAt], [IsDeleted]) VALUES (7, N'Prudential COVID-19 Package', N'Covers all your medicine and/or quarantine expenses', 68, 720, CAST(3000.00 AS Decimal(12, 2)), 2, 3, 7, CAST(N'2022-03-06T01:31:56.900' AS DateTime), CAST(N'2022-03-06T01:31:56.900' AS DateTime), 0)
INSERT [dbo].[Policy] ([Id], [Name], [Description], [SupportPercent], [DurationInDays], [Price], [Status], [TypeId], [CompanyId], [CreatedAt], [UpdatedAt], [IsDeleted]) VALUES (8, N'MIC COVID-19 Package', N'Covers all your medicine and/or quarantine expenses', 80, 180, CAST(1000.00 AS Decimal(12, 2)), 2, 3, 8, CAST(N'2022-03-06T01:31:56.900' AS DateTime), CAST(N'2022-03-06T01:31:56.900' AS DateTime), 0)
INSERT [dbo].[Policy] ([Id], [Name], [Description], [SupportPercent], [DurationInDays], [Price], [Status], [TypeId], [CompanyId], [CreatedAt], [UpdatedAt], [IsDeleted]) VALUES (9, N'COVID-19 Premium', N'Covers all your medicine and/or quarantine expenses', 60, 365, CAST(1000.00 AS Decimal(12, 2)), 1, 3, 1, CAST(N'2022-03-06T01:31:56.900' AS DateTime), CAST(N'2022-03-06T01:31:56.900' AS DateTime), 0)
INSERT [dbo].[Policy] ([Id], [Name], [Description], [SupportPercent], [DurationInDays], [Price], [Status], [TypeId], [CompanyId], [CreatedAt], [UpdatedAt], [IsDeleted]) VALUES (10, N'COVID-19 Premium', N'Covers all your medicine and/or quarantine expenses', 90, 365, CAST(3000.00 AS Decimal(12, 2)), 3, 3, 2, CAST(N'2022-03-06T01:31:56.900' AS DateTime), CAST(N'2022-03-06T01:31:56.900' AS DateTime), 0)
INSERT [dbo].[Policy] ([Id], [Name], [Description], [SupportPercent], [DurationInDays], [Price], [Status], [TypeId], [CompanyId], [CreatedAt], [UpdatedAt], [IsDeleted]) VALUES (11, N'Bao Viet Prescription fees ', N'Refund of prescription fees by Bao Viet Insurance', 100, 180, CAST(650.00 AS Decimal(12, 2)), 2, 2, 1, CAST(N'2022-03-06T01:31:56.900' AS DateTime), CAST(N'2022-03-06T01:31:56.900' AS DateTime), 0)
INSERT [dbo].[Policy] ([Id], [Name], [Description], [SupportPercent], [DurationInDays], [Price], [Status], [TypeId], [CompanyId], [CreatedAt], [UpdatedAt], [IsDeleted]) VALUES (12, N'Generali Medicine  Bill', N'Refund of ', 95, 180, CAST(600.00 AS Decimal(12, 2)), 2, 2, 2, CAST(N'2022-03-06T01:31:56.900' AS DateTime), CAST(N'2022-03-06T01:31:56.900' AS DateTime), 0)
INSERT [dbo].[Policy] ([Id], [Name], [Description], [SupportPercent], [DurationInDays], [Price], [Status], [TypeId], [CompanyId], [CreatedAt], [UpdatedAt], [IsDeleted]) VALUES (13, N'Chubb Life Medicine Bill', N'Covers all your medicine bill', 100, 365, CAST(1400.00 AS Decimal(12, 2)), 2, 2, 3, CAST(N'2022-03-06T01:31:56.900' AS DateTime), CAST(N'2022-03-06T01:31:56.900' AS DateTime), 0)
INSERT [dbo].[Policy] ([Id], [Name], [Description], [SupportPercent], [DurationInDays], [Price], [Status], [TypeId], [CompanyId], [CreatedAt], [UpdatedAt], [IsDeleted]) VALUES (14, N'AIA Medicine Bill', N'Covers all your medicine bill', 70, 365, CAST(650.00 AS Decimal(12, 2)), 2, 2, 4, CAST(N'2022-03-06T01:31:56.900' AS DateTime), CAST(N'2022-03-06T01:31:56.900' AS DateTime), 0)
INSERT [dbo].[Policy] ([Id], [Name], [Description], [SupportPercent], [DurationInDays], [Price], [Status], [TypeId], [CompanyId], [CreatedAt], [UpdatedAt], [IsDeleted]) VALUES (15, N'Dai-ichi Medicine Bill', N'Covers all your medicine bill', 50, 180, CAST(200.00 AS Decimal(12, 2)), 2, 2, 5, CAST(N'2022-03-06T01:31:56.900' AS DateTime), CAST(N'2022-03-06T01:31:56.900' AS DateTime), 0)
INSERT [dbo].[Policy] ([Id], [Name], [Description], [SupportPercent], [DurationInDays], [Price], [Status], [TypeId], [CompanyId], [CreatedAt], [UpdatedAt], [IsDeleted]) VALUES (16, N'Manulife Medicine Bill', N'Covers all your medicine bill', 75, 720, CAST(2000.00 AS Decimal(12, 2)), 2, 2, 6, CAST(N'2022-03-06T01:31:56.900' AS DateTime), CAST(N'2022-03-06T01:31:56.900' AS DateTime), 0)
INSERT [dbo].[Policy] ([Id], [Name], [Description], [SupportPercent], [DurationInDays], [Price], [Status], [TypeId], [CompanyId], [CreatedAt], [UpdatedAt], [IsDeleted]) VALUES (17, N'Prudential Medicine Bill', N'Covers all your medicine bill', 80, 365, CAST(1540.00 AS Decimal(12, 2)), 3, 2, 7, CAST(N'2022-03-06T01:31:56.900' AS DateTime), CAST(N'2022-03-06T01:31:56.900' AS DateTime), 0)
INSERT [dbo].[Policy] ([Id], [Name], [Description], [SupportPercent], [DurationInDays], [Price], [Status], [TypeId], [CompanyId], [CreatedAt], [UpdatedAt], [IsDeleted]) VALUES (18, N'MIC Medicine Bill', N'Covers all your medicine bill', 55, 180, CAST(650.00 AS Decimal(12, 2)), 1, 2, 8, CAST(N'2022-03-06T01:31:56.900' AS DateTime), CAST(N'2022-03-06T01:31:56.900' AS DateTime), 0)
INSERT [dbo].[Policy] ([Id], [Name], [Description], [SupportPercent], [DurationInDays], [Price], [Status], [TypeId], [CompanyId], [CreatedAt], [UpdatedAt], [IsDeleted]) VALUES (19, N'Hospital services cost [Bao Viet]', N'Support the cost of hospital services by insurance Bao Viet', 80, 365, CAST(1000.00 AS Decimal(12, 2)), 2, 4, 1, CAST(N'2022-03-06T01:31:56.900' AS DateTime), CAST(N'2022-03-06T01:31:56.900' AS DateTime), 0)
INSERT [dbo].[Policy] ([Id], [Name], [Description], [SupportPercent], [DurationInDays], [Price], [Status], [TypeId], [CompanyId], [CreatedAt], [UpdatedAt], [IsDeleted]) VALUES (20, N'Hospital services cost [Generali]', N'Support the cost of hospital services by insurance Generali', 80, 365, CAST(1000.00 AS Decimal(12, 2)), 1, 4, 2, CAST(N'2022-03-06T01:31:56.900' AS DateTime), CAST(N'2022-03-06T01:31:56.900' AS DateTime), 0)
INSERT [dbo].[Policy] ([Id], [Name], [Description], [SupportPercent], [DurationInDays], [Price], [Status], [TypeId], [CompanyId], [CreatedAt], [UpdatedAt], [IsDeleted]) VALUES (21, N'Hospital services cost [Chubb Life]', N'Support the cost of hospital services by insurance Chubb Life ', 100, 365, CAST(3000.00 AS Decimal(12, 2)), 3, 4, 3, CAST(N'2022-03-06T01:31:56.900' AS DateTime), CAST(N'2022-03-06T01:31:56.900' AS DateTime), 0)
INSERT [dbo].[Policy] ([Id], [Name], [Description], [SupportPercent], [DurationInDays], [Price], [Status], [TypeId], [CompanyId], [CreatedAt], [UpdatedAt], [IsDeleted]) VALUES (22, N'Hospital services cost [AIA]', N'Support the cost of hospital services by insurance', 50, 365, CAST(600.00 AS Decimal(12, 2)), 2, 4, 4, CAST(N'2022-03-06T01:31:56.900' AS DateTime), CAST(N'2022-03-06T01:31:56.900' AS DateTime), 0)
INSERT [dbo].[Policy] ([Id], [Name], [Description], [SupportPercent], [DurationInDays], [Price], [Status], [TypeId], [CompanyId], [CreatedAt], [UpdatedAt], [IsDeleted]) VALUES (23, N'Hospital services cost [Dai-ichi]', N'Support the cost of hospital services by insurance Dai-ichi', 100, 180, CAST(1300.00 AS Decimal(12, 2)), 2, 4, 5, CAST(N'2022-03-06T01:31:56.900' AS DateTime), CAST(N'2022-03-06T01:31:56.900' AS DateTime), 0)
INSERT [dbo].[Policy] ([Id], [Name], [Description], [SupportPercent], [DurationInDays], [Price], [Status], [TypeId], [CompanyId], [CreatedAt], [UpdatedAt], [IsDeleted]) VALUES (24, N'Hospital services cost [Manulife]', N'Support the cost of hospital services by insurance Manulife', 65, 720, CAST(3000.00 AS Decimal(12, 2)), 1, 4, 6, CAST(N'2022-03-06T01:31:56.900' AS DateTime), CAST(N'2022-03-06T01:31:56.900' AS DateTime), 0)
INSERT [dbo].[Policy] ([Id], [Name], [Description], [SupportPercent], [DurationInDays], [Price], [Status], [TypeId], [CompanyId], [CreatedAt], [UpdatedAt], [IsDeleted]) VALUES (25, N'Hospital services cost [Prudential]', N'Support the cost of hospital services by insurance', 70, 180, CAST(600.00 AS Decimal(12, 2)), 2, 4, 7, CAST(N'2022-03-06T01:31:56.900' AS DateTime), CAST(N'2022-03-06T01:31:56.900' AS DateTime), 0)
INSERT [dbo].[Policy] ([Id], [Name], [Description], [SupportPercent], [DurationInDays], [Price], [Status], [TypeId], [CompanyId], [CreatedAt], [UpdatedAt], [IsDeleted]) VALUES (26, N'Hospital services cost [MIC]', N'Support the cost of hospital services by insurance', 75, 365, CAST(888.00 AS Decimal(12, 2)), 2, 4, 8, CAST(N'2022-03-06T01:31:56.900' AS DateTime), CAST(N'2022-03-06T01:31:56.900' AS DateTime), 0)
INSERT [dbo].[Policy] ([Id], [Name], [Description], [SupportPercent], [DurationInDays], [Price], [Status], [TypeId], [CompanyId], [CreatedAt], [UpdatedAt], [IsDeleted]) VALUES (27, N'Medical examination cost [Bao Viet]', N'Covers all your medical examination cost by insurance Bao Viet', 100, 365, CAST(900.00 AS Decimal(12, 2)), 2, 1, 1, CAST(N'2022-03-06T01:31:56.900' AS DateTime), CAST(N'2022-03-06T01:31:56.900' AS DateTime), 0)
INSERT [dbo].[Policy] ([Id], [Name], [Description], [SupportPercent], [DurationInDays], [Price], [Status], [TypeId], [CompanyId], [CreatedAt], [UpdatedAt], [IsDeleted]) VALUES (28, N'Medical examination cost [Generali]', N'Covers all your medical examination cost by insurance Generali', 100, 90, CAST(250.00 AS Decimal(12, 2)), 2, 1, 2, CAST(N'2022-03-06T01:31:56.900' AS DateTime), CAST(N'2022-03-06T01:31:56.900' AS DateTime), 0)
INSERT [dbo].[Policy] ([Id], [Name], [Description], [SupportPercent], [DurationInDays], [Price], [Status], [TypeId], [CompanyId], [CreatedAt], [UpdatedAt], [IsDeleted]) VALUES (29, N'Medical examination cost [Chubb Life]', N'Covers all your medical examination cost by insurance Chubb Life', 100, 365, CAST(1000.00 AS Decimal(12, 2)), 1, 1, 3, CAST(N'2022-03-06T01:31:56.900' AS DateTime), CAST(N'2022-03-06T01:31:56.900' AS DateTime), 0)
INSERT [dbo].[Policy] ([Id], [Name], [Description], [SupportPercent], [DurationInDays], [Price], [Status], [TypeId], [CompanyId], [CreatedAt], [UpdatedAt], [IsDeleted]) VALUES (30, N'Medical examination cost [AIA]', N'Covers all your medical examination cost by insurance AIA', 100, 720, CAST(1800.00 AS Decimal(12, 2)), 2, 1, 4, CAST(N'2022-03-06T01:31:56.900' AS DateTime), CAST(N'2022-03-06T01:31:56.900' AS DateTime), 0)
INSERT [dbo].[Policy] ([Id], [Name], [Description], [SupportPercent], [DurationInDays], [Price], [Status], [TypeId], [CompanyId], [CreatedAt], [UpdatedAt], [IsDeleted]) VALUES (31, N'Medical examination cost [Dai-ichi]', N'Covers all your medical examination cost by insurance Dai-ichi', 100, 180, CAST(500.00 AS Decimal(12, 2)), 2, 1, 5, CAST(N'2022-03-06T01:31:56.900' AS DateTime), CAST(N'2022-03-06T01:31:56.900' AS DateTime), 0)
INSERT [dbo].[Policy] ([Id], [Name], [Description], [SupportPercent], [DurationInDays], [Price], [Status], [TypeId], [CompanyId], [CreatedAt], [UpdatedAt], [IsDeleted]) VALUES (32, N'Medical examination cost [Manulife]', N'Covers all your medical examination cost by insurance Manulife', 100, 365, CAST(5000.00 AS Decimal(12, 2)), 3, 1, 6, CAST(N'2022-03-06T01:31:56.900' AS DateTime), CAST(N'2022-03-06T01:31:56.900' AS DateTime), 0)
INSERT [dbo].[Policy] ([Id], [Name], [Description], [SupportPercent], [DurationInDays], [Price], [Status], [TypeId], [CompanyId], [CreatedAt], [UpdatedAt], [IsDeleted]) VALUES (33, N'Medical examination cost [Prudential]', N'Covers all your medical examination cost by insurance Prudential', 100, 365, CAST(999.00 AS Decimal(12, 2)), 2, 1, 7, CAST(N'2022-03-06T01:31:56.900' AS DateTime), CAST(N'2022-03-06T01:31:56.900' AS DateTime), 0)
INSERT [dbo].[Policy] ([Id], [Name], [Description], [SupportPercent], [DurationInDays], [Price], [Status], [TypeId], [CompanyId], [CreatedAt], [UpdatedAt], [IsDeleted]) VALUES (34, N'Medical examination cost [MIC]', N'Covers all your medical examination cost by insurance MIC', 100, 180, CAST(600.00 AS Decimal(12, 2)), 2, 1, 8, CAST(N'2022-03-06T01:31:56.900' AS DateTime), CAST(N'2022-03-06T01:31:56.900' AS DateTime), 0)
SET IDENTITY_INSERT [dbo].[Policy] OFF
GO
SET IDENTITY_INSERT [dbo].[PolicyOrder] ON 

INSERT [dbo].[PolicyOrder] ([Id], [StartDate], [Status], [EmployeeId], [PolicyId], [CreatedAt], [UpdatedAt], [IsDeleted]) VALUES (1, CAST(N'2021-12-31T04:00:00.000' AS DateTime), 2, 1, 25, CAST(N'2021-12-31T04:00:00.000' AS DateTime), CAST(N'2022-03-06T09:42:50.307' AS DateTime), 0)
INSERT [dbo].[PolicyOrder] ([Id], [StartDate], [Status], [EmployeeId], [PolicyId], [CreatedAt], [UpdatedAt], [IsDeleted]) VALUES (2, CAST(N'2021-12-04T04:00:00.000' AS DateTime), 2, 2, 25, CAST(N'2021-12-04T04:00:00.000' AS DateTime), CAST(N'2022-03-06T09:42:50.307' AS DateTime), 0)
INSERT [dbo].[PolicyOrder] ([Id], [StartDate], [Status], [EmployeeId], [PolicyId], [CreatedAt], [UpdatedAt], [IsDeleted]) VALUES (3, CAST(N'2022-01-01T04:00:00.000' AS DateTime), 2, 3, 25, CAST(N'2022-01-01T04:00:00.000' AS DateTime), CAST(N'2022-03-06T09:42:50.307' AS DateTime), 0)
INSERT [dbo].[PolicyOrder] ([Id], [StartDate], [Status], [EmployeeId], [PolicyId], [CreatedAt], [UpdatedAt], [IsDeleted]) VALUES (4, CAST(N'2021-11-08T04:00:00.000' AS DateTime), 2, 4, 26, CAST(N'2021-11-08T04:00:00.000' AS DateTime), CAST(N'2022-03-06T09:42:50.310' AS DateTime), 0)
INSERT [dbo].[PolicyOrder] ([Id], [StartDate], [Status], [EmployeeId], [PolicyId], [CreatedAt], [UpdatedAt], [IsDeleted]) VALUES (5, CAST(N'2021-11-01T04:00:00.000' AS DateTime), 2, 5, 23, CAST(N'2021-11-01T04:00:00.000' AS DateTime), CAST(N'2022-03-06T09:42:50.310' AS DateTime), 0)
INSERT [dbo].[PolicyOrder] ([Id], [StartDate], [Status], [EmployeeId], [PolicyId], [CreatedAt], [UpdatedAt], [IsDeleted]) VALUES (6, CAST(N'2022-01-29T04:00:00.000' AS DateTime), 2, 6, 19, CAST(N'2022-01-29T04:00:00.000' AS DateTime), CAST(N'2022-03-06T09:42:50.310' AS DateTime), 0)
INSERT [dbo].[PolicyOrder] ([Id], [StartDate], [Status], [EmployeeId], [PolicyId], [CreatedAt], [UpdatedAt], [IsDeleted]) VALUES (7, CAST(N'2021-10-28T04:00:00.000' AS DateTime), 2, 7, 23, CAST(N'2021-10-28T04:00:00.000' AS DateTime), CAST(N'2022-03-06T09:42:50.310' AS DateTime), 0)
INSERT [dbo].[PolicyOrder] ([Id], [StartDate], [Status], [EmployeeId], [PolicyId], [CreatedAt], [UpdatedAt], [IsDeleted]) VALUES (8, CAST(N'2022-01-30T04:00:00.000' AS DateTime), 2, 8, 19, CAST(N'2022-01-30T04:00:00.000' AS DateTime), CAST(N'2022-03-06T09:42:50.310' AS DateTime), 0)
INSERT [dbo].[PolicyOrder] ([Id], [StartDate], [Status], [EmployeeId], [PolicyId], [CreatedAt], [UpdatedAt], [IsDeleted]) VALUES (9, CAST(N'2022-02-02T04:00:00.000' AS DateTime), 2, 9, 19, CAST(N'2022-02-02T04:00:00.000' AS DateTime), CAST(N'2022-03-06T09:42:50.310' AS DateTime), 0)
INSERT [dbo].[PolicyOrder] ([Id], [StartDate], [Status], [EmployeeId], [PolicyId], [CreatedAt], [UpdatedAt], [IsDeleted]) VALUES (10, CAST(N'2022-03-10T04:00:00.000' AS DateTime), 2, 10, 19, CAST(N'2022-03-10T04:00:00.000' AS DateTime), CAST(N'2022-03-06T09:42:50.310' AS DateTime), 0)
INSERT [dbo].[PolicyOrder] ([Id], [StartDate], [Status], [EmployeeId], [PolicyId], [CreatedAt], [UpdatedAt], [IsDeleted]) VALUES (11, CAST(N'2021-09-26T04:00:00.000' AS DateTime), 2, 11, 19, CAST(N'2021-09-26T04:00:00.000' AS DateTime), CAST(N'2022-03-06T09:42:50.310' AS DateTime), 0)
INSERT [dbo].[PolicyOrder] ([Id], [StartDate], [Status], [EmployeeId], [PolicyId], [CreatedAt], [UpdatedAt], [IsDeleted]) VALUES (12, CAST(N'2021-10-30T04:00:00.000' AS DateTime), 2, 12, 26, CAST(N'2021-10-30T04:00:00.000' AS DateTime), CAST(N'2022-03-06T09:42:50.310' AS DateTime), 0)
INSERT [dbo].[PolicyOrder] ([Id], [StartDate], [Status], [EmployeeId], [PolicyId], [CreatedAt], [UpdatedAt], [IsDeleted]) VALUES (13, CAST(N'2021-11-12T04:00:00.000' AS DateTime), 2, 13, 19, CAST(N'2021-11-12T04:00:00.000' AS DateTime), CAST(N'2022-03-06T09:42:50.310' AS DateTime), 0)
INSERT [dbo].[PolicyOrder] ([Id], [StartDate], [Status], [EmployeeId], [PolicyId], [CreatedAt], [UpdatedAt], [IsDeleted]) VALUES (14, CAST(N'2022-01-28T04:00:00.000' AS DateTime), 2, 14, 22, CAST(N'2022-01-28T04:00:00.000' AS DateTime), CAST(N'2022-03-06T09:42:50.310' AS DateTime), 0)
INSERT [dbo].[PolicyOrder] ([Id], [StartDate], [Status], [EmployeeId], [PolicyId], [CreatedAt], [UpdatedAt], [IsDeleted]) VALUES (15, CAST(N'2022-01-23T04:00:00.000' AS DateTime), 2, 15, 25, CAST(N'2022-01-23T04:00:00.000' AS DateTime), CAST(N'2022-03-06T09:42:50.310' AS DateTime), 0)
INSERT [dbo].[PolicyOrder] ([Id], [StartDate], [Status], [EmployeeId], [PolicyId], [CreatedAt], [UpdatedAt], [IsDeleted]) VALUES (16, CAST(N'2021-10-26T04:00:00.000' AS DateTime), 2, 16, 22, CAST(N'2021-10-26T04:00:00.000' AS DateTime), CAST(N'2022-03-06T09:42:50.313' AS DateTime), 0)
INSERT [dbo].[PolicyOrder] ([Id], [StartDate], [Status], [EmployeeId], [PolicyId], [CreatedAt], [UpdatedAt], [IsDeleted]) VALUES (17, CAST(N'2021-12-20T04:00:00.000' AS DateTime), 2, 17, 25, CAST(N'2021-12-20T04:00:00.000' AS DateTime), CAST(N'2022-03-06T09:42:50.313' AS DateTime), 0)
INSERT [dbo].[PolicyOrder] ([Id], [StartDate], [Status], [EmployeeId], [PolicyId], [CreatedAt], [UpdatedAt], [IsDeleted]) VALUES (18, CAST(N'2021-10-21T04:00:00.000' AS DateTime), 2, 18, 25, CAST(N'2021-10-21T04:00:00.000' AS DateTime), CAST(N'2022-03-06T09:42:50.313' AS DateTime), 0)
INSERT [dbo].[PolicyOrder] ([Id], [StartDate], [Status], [EmployeeId], [PolicyId], [CreatedAt], [UpdatedAt], [IsDeleted]) VALUES (19, CAST(N'2021-10-25T04:00:00.000' AS DateTime), 2, 19, 25, CAST(N'2021-10-25T04:00:00.000' AS DateTime), CAST(N'2022-03-06T09:42:50.313' AS DateTime), 0)
INSERT [dbo].[PolicyOrder] ([Id], [StartDate], [Status], [EmployeeId], [PolicyId], [CreatedAt], [UpdatedAt], [IsDeleted]) VALUES (21, CAST(N'2021-10-12T04:00:00.000' AS DateTime), 2, 2, 3, CAST(N'2021-10-12T04:00:00.000' AS DateTime), CAST(N'2022-03-06T09:42:50.317' AS DateTime), 0)
INSERT [dbo].[PolicyOrder] ([Id], [StartDate], [Status], [EmployeeId], [PolicyId], [CreatedAt], [UpdatedAt], [IsDeleted]) VALUES (22, CAST(N'2021-12-12T04:00:00.000' AS DateTime), 2, 3, 8, CAST(N'2021-12-12T04:00:00.000' AS DateTime), CAST(N'2022-03-06T09:42:50.317' AS DateTime), 0)
INSERT [dbo].[PolicyOrder] ([Id], [StartDate], [Status], [EmployeeId], [PolicyId], [CreatedAt], [UpdatedAt], [IsDeleted]) VALUES (23, CAST(N'2022-02-15T04:00:00.000' AS DateTime), 2, 4, 8, CAST(N'2022-02-15T04:00:00.000' AS DateTime), CAST(N'2022-03-06T09:42:50.317' AS DateTime), 0)
INSERT [dbo].[PolicyOrder] ([Id], [StartDate], [Status], [EmployeeId], [PolicyId], [CreatedAt], [UpdatedAt], [IsDeleted]) VALUES (24, CAST(N'2022-01-19T04:00:00.000' AS DateTime), 2, 5, 8, CAST(N'2022-01-19T04:00:00.000' AS DateTime), CAST(N'2022-03-06T09:42:50.317' AS DateTime), 0)
INSERT [dbo].[PolicyOrder] ([Id], [StartDate], [Status], [EmployeeId], [PolicyId], [CreatedAt], [UpdatedAt], [IsDeleted]) VALUES (25, CAST(N'2021-10-20T04:00:00.000' AS DateTime), 2, 6, 3, CAST(N'2021-10-20T04:00:00.000' AS DateTime), CAST(N'2022-03-06T09:42:50.317' AS DateTime), 0)
INSERT [dbo].[PolicyOrder] ([Id], [StartDate], [Status], [EmployeeId], [PolicyId], [CreatedAt], [UpdatedAt], [IsDeleted]) VALUES (26, CAST(N'2021-10-21T04:00:00.000' AS DateTime), 2, 7, 2, CAST(N'2021-10-21T04:00:00.000' AS DateTime), CAST(N'2022-03-06T09:42:50.317' AS DateTime), 0)
INSERT [dbo].[PolicyOrder] ([Id], [StartDate], [Status], [EmployeeId], [PolicyId], [CreatedAt], [UpdatedAt], [IsDeleted]) VALUES (27, CAST(N'2021-09-24T04:00:00.000' AS DateTime), 2, 8, 6, CAST(N'2021-09-24T04:00:00.000' AS DateTime), CAST(N'2022-03-06T09:42:50.317' AS DateTime), 0)
INSERT [dbo].[PolicyOrder] ([Id], [StartDate], [Status], [EmployeeId], [PolicyId], [CreatedAt], [UpdatedAt], [IsDeleted]) VALUES (28, CAST(N'2021-12-09T04:00:00.000' AS DateTime), 2, 9, 7, CAST(N'2021-12-09T04:00:00.000' AS DateTime), CAST(N'2022-03-06T09:42:50.320' AS DateTime), 0)
INSERT [dbo].[PolicyOrder] ([Id], [StartDate], [Status], [EmployeeId], [PolicyId], [CreatedAt], [UpdatedAt], [IsDeleted]) VALUES (29, CAST(N'2021-10-05T04:00:00.000' AS DateTime), 2, 10, 6, CAST(N'2021-10-05T04:00:00.000' AS DateTime), CAST(N'2022-03-06T09:42:50.320' AS DateTime), 0)
INSERT [dbo].[PolicyOrder] ([Id], [StartDate], [Status], [EmployeeId], [PolicyId], [CreatedAt], [UpdatedAt], [IsDeleted]) VALUES (30, CAST(N'2021-10-04T04:00:00.000' AS DateTime), 2, 11, 1, CAST(N'2021-10-04T04:00:00.000' AS DateTime), CAST(N'2022-03-06T09:42:50.320' AS DateTime), 0)
INSERT [dbo].[PolicyOrder] ([Id], [StartDate], [Status], [EmployeeId], [PolicyId], [CreatedAt], [UpdatedAt], [IsDeleted]) VALUES (31, CAST(N'2021-09-09T04:00:00.000' AS DateTime), 2, 12, 1, CAST(N'2021-09-09T04:00:00.000' AS DateTime), CAST(N'2022-03-06T09:42:50.320' AS DateTime), 0)
INSERT [dbo].[PolicyOrder] ([Id], [StartDate], [Status], [EmployeeId], [PolicyId], [CreatedAt], [UpdatedAt], [IsDeleted]) VALUES (32, CAST(N'2021-09-08T04:00:00.000' AS DateTime), 2, 13, 6, CAST(N'2021-09-08T04:00:00.000' AS DateTime), CAST(N'2022-03-06T09:42:50.320' AS DateTime), 0)
INSERT [dbo].[PolicyOrder] ([Id], [StartDate], [Status], [EmployeeId], [PolicyId], [CreatedAt], [UpdatedAt], [IsDeleted]) VALUES (33, CAST(N'2021-12-27T04:00:00.000' AS DateTime), 2, 14, 2, CAST(N'2021-12-27T04:00:00.000' AS DateTime), CAST(N'2022-03-06T09:42:50.320' AS DateTime), 0)
INSERT [dbo].[PolicyOrder] ([Id], [StartDate], [Status], [EmployeeId], [PolicyId], [CreatedAt], [UpdatedAt], [IsDeleted]) VALUES (34, CAST(N'2021-11-08T04:00:00.000' AS DateTime), 2, 15, 6, CAST(N'2021-11-08T04:00:00.000' AS DateTime), CAST(N'2022-03-06T09:42:50.320' AS DateTime), 0)
INSERT [dbo].[PolicyOrder] ([Id], [StartDate], [Status], [EmployeeId], [PolicyId], [CreatedAt], [UpdatedAt], [IsDeleted]) VALUES (35, CAST(N'2021-09-13T04:00:00.000' AS DateTime), 2, 16, 3, CAST(N'2021-09-13T04:00:00.000' AS DateTime), CAST(N'2022-03-06T09:42:50.320' AS DateTime), 0)
INSERT [dbo].[PolicyOrder] ([Id], [StartDate], [Status], [EmployeeId], [PolicyId], [CreatedAt], [UpdatedAt], [IsDeleted]) VALUES (36, CAST(N'2021-12-07T04:00:00.000' AS DateTime), 2, 17, 8, CAST(N'2021-12-07T04:00:00.000' AS DateTime), CAST(N'2022-03-06T09:42:50.323' AS DateTime), 0)
INSERT [dbo].[PolicyOrder] ([Id], [StartDate], [Status], [EmployeeId], [PolicyId], [CreatedAt], [UpdatedAt], [IsDeleted]) VALUES (37, CAST(N'2021-10-31T04:00:00.000' AS DateTime), 2, 18, 7, CAST(N'2021-10-31T04:00:00.000' AS DateTime), CAST(N'2022-03-06T09:42:50.323' AS DateTime), 0)
INSERT [dbo].[PolicyOrder] ([Id], [StartDate], [Status], [EmployeeId], [PolicyId], [CreatedAt], [UpdatedAt], [IsDeleted]) VALUES (38, CAST(N'2021-09-04T04:00:00.000' AS DateTime), 2, 19, 1, CAST(N'2021-09-04T04:00:00.000' AS DateTime), CAST(N'2022-03-06T09:42:50.323' AS DateTime), 0)
INSERT [dbo].[PolicyOrder] ([Id], [StartDate], [Status], [EmployeeId], [PolicyId], [CreatedAt], [UpdatedAt], [IsDeleted]) VALUES (39, CAST(N'2022-02-11T04:00:00.000' AS DateTime), 2, 1, 31, CAST(N'2022-02-11T04:00:00.000' AS DateTime), CAST(N'2022-03-06T09:42:50.327' AS DateTime), 0)
INSERT [dbo].[PolicyOrder] ([Id], [StartDate], [Status], [EmployeeId], [PolicyId], [CreatedAt], [UpdatedAt], [IsDeleted]) VALUES (40, CAST(N'2021-12-02T04:00:00.000' AS DateTime), 2, 2, 34, CAST(N'2021-12-02T04:00:00.000' AS DateTime), CAST(N'2022-03-06T09:42:50.327' AS DateTime), 0)
INSERT [dbo].[PolicyOrder] ([Id], [StartDate], [Status], [EmployeeId], [PolicyId], [CreatedAt], [UpdatedAt], [IsDeleted]) VALUES (41, CAST(N'2021-11-16T04:00:00.000' AS DateTime), 2, 3, 33, CAST(N'2021-11-16T04:00:00.000' AS DateTime), CAST(N'2022-03-06T09:42:50.327' AS DateTime), 0)
INSERT [dbo].[PolicyOrder] ([Id], [StartDate], [Status], [EmployeeId], [PolicyId], [CreatedAt], [UpdatedAt], [IsDeleted]) VALUES (42, CAST(N'2021-11-08T04:00:00.000' AS DateTime), 2, 4, 30, CAST(N'2021-11-08T04:00:00.000' AS DateTime), CAST(N'2022-03-06T09:42:50.327' AS DateTime), 0)
INSERT [dbo].[PolicyOrder] ([Id], [StartDate], [Status], [EmployeeId], [PolicyId], [CreatedAt], [UpdatedAt], [IsDeleted]) VALUES (43, CAST(N'2022-01-09T04:00:00.000' AS DateTime), 2, 5, 34, CAST(N'2022-01-09T04:00:00.000' AS DateTime), CAST(N'2022-03-06T09:42:50.327' AS DateTime), 0)
INSERT [dbo].[PolicyOrder] ([Id], [StartDate], [Status], [EmployeeId], [PolicyId], [CreatedAt], [UpdatedAt], [IsDeleted]) VALUES (44, CAST(N'2022-02-04T04:00:00.000' AS DateTime), 2, 6, 33, CAST(N'2022-02-04T04:00:00.000' AS DateTime), CAST(N'2022-03-06T09:42:50.327' AS DateTime), 0)
INSERT [dbo].[PolicyOrder] ([Id], [StartDate], [Status], [EmployeeId], [PolicyId], [CreatedAt], [UpdatedAt], [IsDeleted]) VALUES (45, CAST(N'2022-02-13T04:00:00.000' AS DateTime), 2, 7, 33, CAST(N'2022-02-13T04:00:00.000' AS DateTime), CAST(N'2022-03-06T09:42:50.327' AS DateTime), 0)
INSERT [dbo].[PolicyOrder] ([Id], [StartDate], [Status], [EmployeeId], [PolicyId], [CreatedAt], [UpdatedAt], [IsDeleted]) VALUES (46, CAST(N'2022-02-27T04:00:00.000' AS DateTime), 2, 8, 28, CAST(N'2022-02-27T04:00:00.000' AS DateTime), CAST(N'2022-03-06T09:42:50.327' AS DateTime), 0)
INSERT [dbo].[PolicyOrder] ([Id], [StartDate], [Status], [EmployeeId], [PolicyId], [CreatedAt], [UpdatedAt], [IsDeleted]) VALUES (47, CAST(N'2022-02-20T04:00:00.000' AS DateTime), 2, 9, 34, CAST(N'2022-02-20T04:00:00.000' AS DateTime), CAST(N'2022-03-06T09:42:50.327' AS DateTime), 0)
INSERT [dbo].[PolicyOrder] ([Id], [StartDate], [Status], [EmployeeId], [PolicyId], [CreatedAt], [UpdatedAt], [IsDeleted]) VALUES (48, CAST(N'2021-11-02T04:00:00.000' AS DateTime), 2, 10, 34, CAST(N'2021-11-02T04:00:00.000' AS DateTime), CAST(N'2022-03-06T09:42:50.327' AS DateTime), 0)
INSERT [dbo].[PolicyOrder] ([Id], [StartDate], [Status], [EmployeeId], [PolicyId], [CreatedAt], [UpdatedAt], [IsDeleted]) VALUES (49, CAST(N'2022-01-06T04:00:00.000' AS DateTime), 2, 11, 34, CAST(N'2022-01-06T04:00:00.000' AS DateTime), CAST(N'2022-03-06T09:42:50.330' AS DateTime), 0)
INSERT [dbo].[PolicyOrder] ([Id], [StartDate], [Status], [EmployeeId], [PolicyId], [CreatedAt], [UpdatedAt], [IsDeleted]) VALUES (50, CAST(N'2021-10-30T04:00:00.000' AS DateTime), 2, 12, 31, CAST(N'2021-10-30T04:00:00.000' AS DateTime), CAST(N'2022-03-06T09:42:50.330' AS DateTime), 0)
INSERT [dbo].[PolicyOrder] ([Id], [StartDate], [Status], [EmployeeId], [PolicyId], [CreatedAt], [UpdatedAt], [IsDeleted]) VALUES (51, CAST(N'2022-02-09T04:00:00.000' AS DateTime), 2, 13, 27, CAST(N'2022-02-09T04:00:00.000' AS DateTime), CAST(N'2022-03-06T09:42:50.330' AS DateTime), 0)
INSERT [dbo].[PolicyOrder] ([Id], [StartDate], [Status], [EmployeeId], [PolicyId], [CreatedAt], [UpdatedAt], [IsDeleted]) VALUES (52, CAST(N'2021-12-07T04:00:00.000' AS DateTime), 2, 14, 31, CAST(N'2021-12-07T04:00:00.000' AS DateTime), CAST(N'2022-03-06T09:42:50.330' AS DateTime), 0)
INSERT [dbo].[PolicyOrder] ([Id], [StartDate], [Status], [EmployeeId], [PolicyId], [CreatedAt], [UpdatedAt], [IsDeleted]) VALUES (53, CAST(N'2021-12-31T04:00:00.000' AS DateTime), 2, 15, 34, CAST(N'2021-12-31T04:00:00.000' AS DateTime), CAST(N'2022-03-06T09:42:50.330' AS DateTime), 0)
INSERT [dbo].[PolicyOrder] ([Id], [StartDate], [Status], [EmployeeId], [PolicyId], [CreatedAt], [UpdatedAt], [IsDeleted]) VALUES (54, CAST(N'2021-10-03T04:00:00.000' AS DateTime), 2, 16, 31, CAST(N'2021-10-03T04:00:00.000' AS DateTime), CAST(N'2022-03-06T09:42:50.330' AS DateTime), 0)
INSERT [dbo].[PolicyOrder] ([Id], [StartDate], [Status], [EmployeeId], [PolicyId], [CreatedAt], [UpdatedAt], [IsDeleted]) VALUES (55, CAST(N'2021-11-12T04:00:00.000' AS DateTime), 2, 17, 34, CAST(N'2021-11-12T04:00:00.000' AS DateTime), CAST(N'2022-03-06T09:42:50.330' AS DateTime), 0)
INSERT [dbo].[PolicyOrder] ([Id], [StartDate], [Status], [EmployeeId], [PolicyId], [CreatedAt], [UpdatedAt], [IsDeleted]) VALUES (56, CAST(N'2021-11-26T04:00:00.000' AS DateTime), 2, 18, 28, CAST(N'2021-11-26T04:00:00.000' AS DateTime), CAST(N'2022-03-06T09:42:50.330' AS DateTime), 0)
INSERT [dbo].[PolicyOrder] ([Id], [StartDate], [Status], [EmployeeId], [PolicyId], [CreatedAt], [UpdatedAt], [IsDeleted]) VALUES (57, CAST(N'2021-10-11T04:00:00.000' AS DateTime), 2, 19, 33, CAST(N'2021-10-11T04:00:00.000' AS DateTime), CAST(N'2022-03-06T09:42:50.330' AS DateTime), 0)
INSERT [dbo].[PolicyOrder] ([Id], [StartDate], [Status], [EmployeeId], [PolicyId], [CreatedAt], [UpdatedAt], [IsDeleted]) VALUES (58, CAST(N'2021-10-21T04:00:00.000' AS DateTime), 2, 1, 15, CAST(N'2021-10-21T04:00:00.000' AS DateTime), CAST(N'2022-03-06T09:42:50.330' AS DateTime), 0)
INSERT [dbo].[PolicyOrder] ([Id], [StartDate], [Status], [EmployeeId], [PolicyId], [CreatedAt], [UpdatedAt], [IsDeleted]) VALUES (59, CAST(N'2021-11-18T04:00:00.000' AS DateTime), 2, 2, 16, CAST(N'2021-11-18T04:00:00.000' AS DateTime), CAST(N'2022-03-06T09:42:50.330' AS DateTime), 0)
INSERT [dbo].[PolicyOrder] ([Id], [StartDate], [Status], [EmployeeId], [PolicyId], [CreatedAt], [UpdatedAt], [IsDeleted]) VALUES (60, CAST(N'2021-10-28T04:00:00.000' AS DateTime), 2, 3, 13, CAST(N'2021-10-28T04:00:00.000' AS DateTime), CAST(N'2022-03-06T09:42:50.330' AS DateTime), 0)
INSERT [dbo].[PolicyOrder] ([Id], [StartDate], [Status], [EmployeeId], [PolicyId], [CreatedAt], [UpdatedAt], [IsDeleted]) VALUES (61, CAST(N'2022-02-16T04:00:00.000' AS DateTime), 2, 4, 15, CAST(N'2022-02-16T04:00:00.000' AS DateTime), CAST(N'2022-03-06T09:42:50.330' AS DateTime), 0)
INSERT [dbo].[PolicyOrder] ([Id], [StartDate], [Status], [EmployeeId], [PolicyId], [CreatedAt], [UpdatedAt], [IsDeleted]) VALUES (62, CAST(N'2021-10-01T04:00:00.000' AS DateTime), 2, 5, 11, CAST(N'2021-10-01T04:00:00.000' AS DateTime), CAST(N'2022-03-06T09:42:50.333' AS DateTime), 0)
INSERT [dbo].[PolicyOrder] ([Id], [StartDate], [Status], [EmployeeId], [PolicyId], [CreatedAt], [UpdatedAt], [IsDeleted]) VALUES (63, CAST(N'2022-01-25T04:00:00.000' AS DateTime), 2, 6, 15, CAST(N'2022-01-25T04:00:00.000' AS DateTime), CAST(N'2022-03-06T09:42:50.333' AS DateTime), 0)
INSERT [dbo].[PolicyOrder] ([Id], [StartDate], [Status], [EmployeeId], [PolicyId], [CreatedAt], [UpdatedAt], [IsDeleted]) VALUES (64, CAST(N'2021-12-08T04:00:00.000' AS DateTime), 2, 7, 14, CAST(N'2021-12-08T04:00:00.000' AS DateTime), CAST(N'2022-03-06T09:42:50.333' AS DateTime), 0)
INSERT [dbo].[PolicyOrder] ([Id], [StartDate], [Status], [EmployeeId], [PolicyId], [CreatedAt], [UpdatedAt], [IsDeleted]) VALUES (65, CAST(N'2021-12-13T04:00:00.000' AS DateTime), 2, 8, 15, CAST(N'2021-12-13T04:00:00.000' AS DateTime), CAST(N'2022-03-06T09:42:50.333' AS DateTime), 0)
INSERT [dbo].[PolicyOrder] ([Id], [StartDate], [Status], [EmployeeId], [PolicyId], [CreatedAt], [UpdatedAt], [IsDeleted]) VALUES (66, CAST(N'2022-02-22T04:00:00.000' AS DateTime), 2, 9, 11, CAST(N'2022-02-22T04:00:00.000' AS DateTime), CAST(N'2022-03-06T09:42:50.333' AS DateTime), 0)
INSERT [dbo].[PolicyOrder] ([Id], [StartDate], [Status], [EmployeeId], [PolicyId], [CreatedAt], [UpdatedAt], [IsDeleted]) VALUES (67, CAST(N'2022-02-03T04:00:00.000' AS DateTime), 2, 10, 11, CAST(N'2022-02-03T04:00:00.000' AS DateTime), CAST(N'2022-03-06T09:42:50.333' AS DateTime), 0)
INSERT [dbo].[PolicyOrder] ([Id], [StartDate], [Status], [EmployeeId], [PolicyId], [CreatedAt], [UpdatedAt], [IsDeleted]) VALUES (68, CAST(N'2021-10-21T04:00:00.000' AS DateTime), 2, 11, 13, CAST(N'2021-10-21T04:00:00.000' AS DateTime), CAST(N'2022-03-06T09:42:50.333' AS DateTime), 0)
INSERT [dbo].[PolicyOrder] ([Id], [StartDate], [Status], [EmployeeId], [PolicyId], [CreatedAt], [UpdatedAt], [IsDeleted]) VALUES (69, CAST(N'2021-12-14T04:00:00.000' AS DateTime), 2, 12, 11, CAST(N'2021-12-14T04:00:00.000' AS DateTime), CAST(N'2022-03-06T09:42:50.333' AS DateTime), 0)
INSERT [dbo].[PolicyOrder] ([Id], [StartDate], [Status], [EmployeeId], [PolicyId], [CreatedAt], [UpdatedAt], [IsDeleted]) VALUES (70, CAST(N'2022-03-01T04:00:00.000' AS DateTime), 2, 13, 15, CAST(N'2022-03-01T04:00:00.000' AS DateTime), CAST(N'2022-03-06T09:42:50.333' AS DateTime), 0)
INSERT [dbo].[PolicyOrder] ([Id], [StartDate], [Status], [EmployeeId], [PolicyId], [CreatedAt], [UpdatedAt], [IsDeleted]) VALUES (71, CAST(N'2021-09-21T04:00:00.000' AS DateTime), 2, 14, 14, CAST(N'2021-09-21T04:00:00.000' AS DateTime), CAST(N'2022-03-06T09:42:50.333' AS DateTime), 0)
INSERT [dbo].[PolicyOrder] ([Id], [StartDate], [Status], [EmployeeId], [PolicyId], [CreatedAt], [UpdatedAt], [IsDeleted]) VALUES (72, CAST(N'2022-01-17T04:00:00.000' AS DateTime), 2, 15, 14, CAST(N'2022-01-17T04:00:00.000' AS DateTime), CAST(N'2022-03-06T09:42:50.333' AS DateTime), 0)
INSERT [dbo].[PolicyOrder] ([Id], [StartDate], [Status], [EmployeeId], [PolicyId], [CreatedAt], [UpdatedAt], [IsDeleted]) VALUES (73, CAST(N'2021-11-06T04:00:00.000' AS DateTime), 2, 16, 15, CAST(N'2021-11-06T04:00:00.000' AS DateTime), CAST(N'2022-03-06T09:42:50.333' AS DateTime), 0)
INSERT [dbo].[PolicyOrder] ([Id], [StartDate], [Status], [EmployeeId], [PolicyId], [CreatedAt], [UpdatedAt], [IsDeleted]) VALUES (74, CAST(N'2021-11-20T04:00:00.000' AS DateTime), 2, 17, 12, CAST(N'2021-11-20T04:00:00.000' AS DateTime), CAST(N'2022-03-06T09:42:50.333' AS DateTime), 0)
INSERT [dbo].[PolicyOrder] ([Id], [StartDate], [Status], [EmployeeId], [PolicyId], [CreatedAt], [UpdatedAt], [IsDeleted]) VALUES (75, CAST(N'2021-09-28T04:00:00.000' AS DateTime), 2, 18, 15, CAST(N'2021-09-28T04:00:00.000' AS DateTime), CAST(N'2022-03-06T09:42:50.333' AS DateTime), 0)
INSERT [dbo].[PolicyOrder] ([Id], [StartDate], [Status], [EmployeeId], [PolicyId], [CreatedAt], [UpdatedAt], [IsDeleted]) VALUES (76, CAST(N'2021-12-01T04:00:00.000' AS DateTime), 2, 19, 13, CAST(N'2021-12-01T04:00:00.000' AS DateTime), CAST(N'2022-03-06T09:42:50.333' AS DateTime), 0)
SET IDENTITY_INSERT [dbo].[PolicyOrder] OFF
GO
SET IDENTITY_INSERT [dbo].[TypePolicy] ON 

INSERT [dbo].[TypePolicy] ([Id], [Name], [Description], [CreatedAt], [UpdatedAt], [IsDeleted]) VALUES (1, N'CHECKUP', N'Covers medical checkups at certain locations', CAST(N'2022-03-06T01:31:56.897' AS DateTime), CAST(N'2022-03-06T01:31:56.897' AS DateTime), 0)
INSERT [dbo].[TypePolicy] ([Id], [Name], [Description], [CreatedAt], [UpdatedAt], [IsDeleted]) VALUES (2, N'MEDICINE', N'Pay for listed medicines', CAST(N'2022-03-06T01:31:56.897' AS DateTime), CAST(N'2022-03-06T01:31:56.897' AS DateTime), 0)
INSERT [dbo].[TypePolicy] ([Id], [Name], [Description], [CreatedAt], [UpdatedAt], [IsDeleted]) VALUES (3, N'COVID-19', N'Covid-19 related insurance packages', CAST(N'2022-03-06T01:31:56.897' AS DateTime), CAST(N'2022-03-06T01:31:56.897' AS DateTime), 0)
INSERT [dbo].[TypePolicy] ([Id], [Name], [Description], [CreatedAt], [UpdatedAt], [IsDeleted]) VALUES (4, N'SERVICES', N'Support the cost of hospital services at certain locations', CAST(N'2022-03-06T01:31:56.897' AS DateTime), CAST(N'2022-03-06T01:31:56.897' AS DateTime), 0)
SET IDENTITY_INSERT [dbo].[TypePolicy] OFF
GO
SET IDENTITY_INSERT [dbo].[UserAdmin] ON 

INSERT [dbo].[UserAdmin] ([Id], [Username], [Password]) VALUES (1, N'hienanh', N'MTIzNDU2c2VjcmV0QGtleUBA')
INSERT [dbo].[UserAdmin] ([Id], [Username], [Password]) VALUES (2, N'giaphien', N'MTIzNDU2c2VjcmV0QGtleUBA')
INSERT [dbo].[UserAdmin] ([Id], [Username], [Password]) VALUES (3, N'huyhoang', N'MTIzNDU2c2VjcmV0QGtleUBA')
INSERT [dbo].[UserAdmin] ([Id], [Username], [Password]) VALUES (4, N'tienduong', N'MTIzNDU2c2VjcmV0QGtleUBA')
SET IDENTITY_INSERT [dbo].[UserAdmin] OFF
GO
SET ANSI_PADDING ON
GO
/****** Object:  Index [UQ__Employee__536C85E482652AE2]    Script Date: 3/6/2022 12:11:09 ******/
ALTER TABLE [dbo].[Employees] ADD UNIQUE NONCLUSTERED 
(
	[Username] ASC
)WITH (PAD_INDEX = OFF, STATISTICS_NORECOMPUTE = OFF, SORT_IN_TEMPDB = OFF, IGNORE_DUP_KEY = OFF, ONLINE = OFF, ALLOW_ROW_LOCKS = ON, ALLOW_PAGE_LOCKS = ON) ON [PRIMARY]
GO
SET ANSI_PADDING ON
GO
/****** Object:  Index [UQ__UserAdmi__536C85E4DCAE3AA0]    Script Date: 3/6/2022 12:11:09 ******/
ALTER TABLE [dbo].[UserAdmin] ADD UNIQUE NONCLUSTERED 
(
	[Username] ASC
)WITH (PAD_INDEX = OFF, STATISTICS_NORECOMPUTE = OFF, SORT_IN_TEMPDB = OFF, IGNORE_DUP_KEY = OFF, ONLINE = OFF, ALLOW_ROW_LOCKS = ON, ALLOW_PAGE_LOCKS = ON) ON [PRIMARY]
GO
ALTER TABLE [dbo].[Bill] ADD  DEFAULT (getdate()) FOR [CreatedAt]
GO
ALTER TABLE [dbo].[Bill] ADD  DEFAULT (getdate()) FOR [UpdatedAt]
GO
ALTER TABLE [dbo].[Bill] ADD  DEFAULT ((0)) FOR [IsDeleted]
GO
ALTER TABLE [dbo].[ClaimAction] ADD  DEFAULT (getdate()) FOR [CreatedAt]
GO
ALTER TABLE [dbo].[ClaimAction] ADD  DEFAULT (getdate()) FOR [UpdatedAt]
GO
ALTER TABLE [dbo].[ClaimAction] ADD  DEFAULT ((0)) FOR [IsDeleted]
GO
ALTER TABLE [dbo].[ClaimEmployee] ADD  DEFAULT ((0)) FOR [Status]
GO
ALTER TABLE [dbo].[ClaimEmployee] ADD  DEFAULT (getdate()) FOR [CreatedAt]
GO
ALTER TABLE [dbo].[ClaimEmployee] ADD  DEFAULT (getdate()) FOR [UpdatedAt]
GO
ALTER TABLE [dbo].[ClaimEmployee] ADD  DEFAULT ((0)) FOR [IsDeleted]
GO
ALTER TABLE [dbo].[Contract] ADD  DEFAULT (getdate()) FOR [CreatedAt]
GO
ALTER TABLE [dbo].[Contract] ADD  DEFAULT (getdate()) FOR [UpdatedAt]
GO
ALTER TABLE [dbo].[Contract] ADD  DEFAULT ((0)) FOR [IsDeleted]
GO
ALTER TABLE [dbo].[ContractPolicy] ADD  DEFAULT (getdate()) FOR [CreatedAt]
GO
ALTER TABLE [dbo].[ContractPolicy] ADD  DEFAULT (getdate()) FOR [UpdatedAt]
GO
ALTER TABLE [dbo].[ContractPolicy] ADD  DEFAULT ((0)) FOR [IsDeleted]
GO
ALTER TABLE [dbo].[Employees] ADD  DEFAULT (getdate()) FOR [Joindate]
GO
ALTER TABLE [dbo].[Employees] ADD  DEFAULT (getdate()) FOR [CreatedAt]
GO
ALTER TABLE [dbo].[Employees] ADD  DEFAULT (getdate()) FOR [UpdatedAt]
GO
ALTER TABLE [dbo].[Employees] ADD  DEFAULT ((0)) FOR [IsDeleted]
GO
ALTER TABLE [dbo].[InsuranceAdmin] ADD  DEFAULT (getdate()) FOR [CreatedAt]
GO
ALTER TABLE [dbo].[InsuranceAdmin] ADD  DEFAULT (getdate()) FOR [UpdatedAt]
GO
ALTER TABLE [dbo].[InsuranceAdmin] ADD  DEFAULT ((0)) FOR [IsDeleted]
GO
ALTER TABLE [dbo].[InsuranceCompany] ADD  DEFAULT (getdate()) FOR [CreatedAt]
GO
ALTER TABLE [dbo].[InsuranceCompany] ADD  DEFAULT (getdate()) FOR [UpdatedAt]
GO
ALTER TABLE [dbo].[InsuranceCompany] ADD  DEFAULT ((0)) FOR [IsDeleted]
GO
ALTER TABLE [dbo].[Policy] ADD  DEFAULT ((0)) FOR [Status]
GO
ALTER TABLE [dbo].[Policy] ADD  DEFAULT (getdate()) FOR [CreatedAt]
GO
ALTER TABLE [dbo].[Policy] ADD  DEFAULT (getdate()) FOR [UpdatedAt]
GO
ALTER TABLE [dbo].[Policy] ADD  DEFAULT ((0)) FOR [IsDeleted]
GO
ALTER TABLE [dbo].[PolicyOrder] ADD  DEFAULT ((0)) FOR [Status]
GO
ALTER TABLE [dbo].[PolicyOrder] ADD  DEFAULT (getdate()) FOR [CreatedAt]
GO
ALTER TABLE [dbo].[PolicyOrder] ADD  DEFAULT (getdate()) FOR [UpdatedAt]
GO
ALTER TABLE [dbo].[PolicyOrder] ADD  DEFAULT ((0)) FOR [IsDeleted]
GO
ALTER TABLE [dbo].[TypePolicy] ADD  DEFAULT (getdate()) FOR [CreatedAt]
GO
ALTER TABLE [dbo].[TypePolicy] ADD  DEFAULT (getdate()) FOR [UpdatedAt]
GO
ALTER TABLE [dbo].[TypePolicy] ADD  DEFAULT ((0)) FOR [IsDeleted]
GO
ALTER TABLE [dbo].[Bill]  WITH CHECK ADD FOREIGN KEY([ClaimId])
REFERENCES [dbo].[ClaimEmployee] ([Id])
GO
ALTER TABLE [dbo].[Bill]  WITH CHECK ADD FOREIGN KEY([EmployeeId])
REFERENCES [dbo].[Employees] ([Id])
GO
ALTER TABLE [dbo].[Bill]  WITH CHECK ADD FOREIGN KEY([PolicyId])
REFERENCES [dbo].[Policy] ([Id])
GO
ALTER TABLE [dbo].[ClaimAction]  WITH CHECK ADD FOREIGN KEY([ClaimId])
REFERENCES [dbo].[ClaimEmployee] ([Id])
GO
ALTER TABLE [dbo].[ClaimEmployee]  WITH CHECK ADD FOREIGN KEY([EmployeeId])
REFERENCES [dbo].[Employees] ([Id])
GO
ALTER TABLE [dbo].[ClaimEmployee]  WITH CHECK ADD FOREIGN KEY([PolicyId])
REFERENCES [dbo].[Policy] ([Id])
GO
ALTER TABLE [dbo].[Contract]  WITH CHECK ADD FOREIGN KEY([EmployeeId])
REFERENCES [dbo].[Employees] ([Id])
GO
ALTER TABLE [dbo].[ContractPolicy]  WITH CHECK ADD FOREIGN KEY([ContractId])
REFERENCES [dbo].[Contract] ([EmployeeId])
GO
ALTER TABLE [dbo].[ContractPolicy]  WITH CHECK ADD FOREIGN KEY([PolicyId])
REFERENCES [dbo].[Policy] ([Id])
GO
ALTER TABLE [dbo].[InsuranceAdmin]  WITH CHECK ADD FOREIGN KEY([CompanyId])
REFERENCES [dbo].[InsuranceCompany] ([Id])
GO
ALTER TABLE [dbo].[Policy]  WITH CHECK ADD FOREIGN KEY([CompanyId])
REFERENCES [dbo].[InsuranceCompany] ([Id])
GO
ALTER TABLE [dbo].[Policy]  WITH CHECK ADD FOREIGN KEY([TypeId])
REFERENCES [dbo].[TypePolicy] ([Id])
GO
ALTER TABLE [dbo].[PolicyOrder]  WITH CHECK ADD FOREIGN KEY([EmployeeId])
REFERENCES [dbo].[Employees] ([Id])
GO
ALTER TABLE [dbo].[PolicyOrder]  WITH CHECK ADD FOREIGN KEY([PolicyId])
REFERENCES [dbo].[Policy] ([Id])
GO
USE [master]
GO
ALTER DATABASE [api_dotnet] SET  READ_WRITE 
GO
